lat_deg,lon_deg,dose_pred_uSvph
-80.0,-179.99999,3.4410834
-80.0,-170.0,3.4551358
-80.0,-160.0,3.451591
-80.0,-150.0,3.464875
-80.0,-140.0,3.4638176
-80.0,-130.0,3.4449944
-80.0,-120.0,3.4738472
-80.0,-110.0,3.4839058
-80.0,-100.0,3.4683366
-80.0,-90.0,3.4567654
-80.0,-80.0,3.4597049
-80.0,-70.0,3.4853299
-80.0,-60.0,3.4845183
-80.0,-50.0,3.4668555
-80.0,-40.0,3.4866893
-80.0,-30.0,3.4718103
-80.0,-20.0,3.4382212
-80.0,-10.0,3.4604993
-80.0,0.0,3.4704645
-80.0,10.0,3.4655302
-80.0,20.0,3.4492176
-80.0,30.0,3.4774756
-80.0,40.0,3.4674768
-80.0,50.0,3.4614985
-80.0,60.0,3.4478757
-80.0,70.0,3.4428017
-80.0,80.0,3.4494057
-80.0,90.0,3.4555893
-80.0,100.0,3.468294
-80.0,110.0,3.461766
-80.0,120.0,3.439667
-80.0,130.0,3.4322028
-80.0,140.0,3.4677358
-80.0,150.0,3.4827812
-80.0,160.0,3.4245403
-80.0,170.0,3.4487052
-75.0,-179.99999,3.4623172
-75.0,-170.0,3.4598825
-75.0,-160.0,3.4563336
-75.0,-150.0,3.4471357
-75.0,-140.0,3.480587
-75.0,-130.0,3.453572
-75.0,-120.0,3.479683
-75.0,-110.0,3.4854348
-75.0,-100.0,3.4698591
-75.0,-90.0,3.460462
-75.0,-80.0,3.4613624
-75.0,-70.0,3.487513
-75.0,-60.0,3.476315
-75.0,-50.0,3.46504
-75.0,-40.0,3.4868739
-75.0,-30.0,3.4760275
-75.0,-20.0,3.4631753
-75.0,-10.0,3.4877892
-75.0,0.0,3.4978158
-75.0,10.0,3.4928508
-75.0,20.0,3.4730957
-75.0,30.0,3.481797
-75.0,40.0,3.4689426
-75.0,50.0,3.4548612
-75.0,60.0,3.466667
-75.0,70.0,3.4468684
-75.0,80.0,3.4787943
-75.0,90.0,3.4745262
-75.0,100.0,3.4728248
-75.0,110.0,3.4513044
-75.0,120.0,3.4540594
-75.0,130.0,3.4518044
-75.0,140.0,3.4896078
-75.0,150.0,3.4453382
-75.0,160.0,3.4530241
-75.0,170.0,3.4765632
-70.0,-179.99999,3.4698575
-70.0,-170.0,3.4455042
-70.0,-160.0,3.4648948
-70.0,-150.0,3.4513087
-70.0,-140.0,3.4659123
-70.0,-130.0,3.45109
-70.0,-120.0,3.4663975
-70.0,-110.0,3.464685
-70.0,-100.0,3.4550524
-70.0,-90.0,3.445731
-70.0,-80.0,3.4455488
-70.0,-70.0,3.4406493
-70.0,-60.0,3.415542
-70.0,-50.0,3.424387
-70.0,-40.0,3.4572666
-70.0,-30.0,3.4570625
-70.0,-20.0,3.4618096
-70.0,-10.0,3.4834583
-70.0,0.0,3.4934747
-70.0,10.0,3.4885156
-70.0,20.0,3.4822345
-70.0,30.0,3.4762845
-70.0,40.0,3.4642203
-70.0,50.0,3.4531856
-70.0,60.0,3.462779
-70.0,70.0,3.4594324
-70.0,80.0,3.4689417
-70.0,90.0,3.47104
-70.0,100.0,3.469938
-70.0,110.0,3.4509034
-70.0,120.0,3.4619927
-70.0,130.0,3.4640112
-70.0,140.0,3.4645882
-70.0,150.0,3.4263415
-70.0,160.0,3.4687152
-70.0,170.0,3.484109
-65.0,-179.99999,3.464594
-65.0,-170.0,3.4673948
-65.0,-160.0,3.4718957
-65.0,-150.0,3.458289
-65.0,-140.0,3.450638
-65.0,-130.0,3.4352865
-65.0,-120.0,3.4078882
-65.0,-110.0,3.3954318
-65.0,-100.0,3.386616
-65.0,-90.0,3.3299444
-65.0,-80.0,3.2808201
-65.0,-70.0,3.272974
-65.0,-60.0,3.2658966
-65.0,-50.0,3.3166363
-65.0,-40.0,3.3808978
-65.0,-30.0,3.4156682
-65.0,-20.0,3.451462
-65.0,-10.0,3.4611588
-65.0,0.0,3.4667282
-65.0,10.0,3.4850156
-65.0,20.0,3.4842296
-65.0,30.0,3.4671638
-65.0,40.0,3.4505224
-65.0,50.0,3.467975
-65.0,60.0,3.4685378
-65.0,70.0,3.4628608
-65.0,80.0,3.458933
-65.0,90.0,3.4598804
-65.0,100.0,3.4564674
-65.0,110.0,3.461464
-65.0,120.0,3.4581263
-65.0,130.0,3.4918258
-65.0,140.0,3.4365032
-65.0,150.0,3.453382
-65.0,160.0,3.4661226
-65.0,170.0,3.47443
-60.0,-179.99999,3.4751086
-60.0,-170.0,3.477915
-60.0,-160.0,3.4584775
-60.0,-150.0,3.4449112
-60.0,-140.0,3.4128492
-60.0,-130.0,3.381351
-60.0,-120.0,3.2970173
-60.0,-110.0,3.2329009
-60.0,-100.0,3.123355
-60.0,-90.0,3.0569928
-60.0,-80.0,3.0219343
-60.0,-70.0,3.0431242
-60.0,-60.0,3.0781257
-60.0,-50.0,3.1563284
-60.0,-40.0,3.2635305
-60.0,-30.0,3.3130286
-60.0,-20.0,3.3825688
-60.0,-10.0,3.4366343
-60.0,0.0,3.452437
-60.0,10.0,3.454327
-60.0,20.0,3.4621246
-60.0,30.0,3.4643075
-60.0,40.0,3.4621682
-60.0,50.0,3.4728205
-60.0,60.0,3.4733841
-60.0,70.0,3.4741356
-60.0,80.0,3.470231
-60.0,90.0,3.4374542
-60.0,100.0,3.4593637
-60.0,110.0,3.4651496
-60.0,120.0,3.4671052
-60.0,130.0,3.4908679
-60.0,140.0,3.4440525
-60.0,150.0,3.4646008
-60.0,160.0,3.4604163
-60.0,170.0,3.4522083
-55.0,-179.99999,3.4638414
-55.0,-170.0,3.4442637
-55.0,-160.0,3.4065585
-55.0,-150.0,3.365298
-55.0,-140.0,3.3075738
-55.0,-130.0,3.2397852
-55.0,-120.0,3.089187
-55.0,-110.0,2.9430256
-55.0,-100.0,2.8064222
-55.0,-90.0,2.7458959
-55.0,-80.0,2.721324
-55.0,-70.0,2.7518187
-55.0,-60.0,2.8197162
-55.0,-50.0,2.9358869
-55.0,-40.0,3.0935955
-55.0,-30.0,3.1891785
-55.0,-20.0,3.2722142
-55.0,-10.0,3.360853
-55.0,0.0,3.418509
-55.0,10.0,3.4108222
-55.0,20.0,3.4325416
-55.0,30.0,3.4422007
-55.0,40.0,3.4584782
-55.0,50.0,3.4640388
-55.0,60.0,3.454225
-55.0,70.0,3.474955
-55.0,80.0,3.468279
-55.0,90.0,3.4543986
-55.0,100.0,3.4486098
-55.0,110.0,3.4636955
-55.0,120.0,3.4724784
-55.0,130.0,3.459094
-55.0,140.0,3.4632077
-55.0,150.0,3.4492717
-55.0,160.0,3.4433272
-55.0,170.0,3.4539044
-50.0,-179.99999,3.4095888
-50.0,-170.0,3.34841
-50.0,-160.0,3.2734375
-50.0,-150.0,3.1921198
-50.0,-140.0,3.1119554
-50.0,-130.0,2.9549022
-50.0,-120.0,2.7701218
-50.0,-110.0,2.5938482
-50.0,-100.0,2.473106
-50.0,-90.0,2.3655417
-50.0,-80.0,2.3562763
-50.0,-70.0,2.4167016
-50.0,-60.0,2.5154023
-50.0,-50.0,2.6706483
-50.0,-40.0,2.8677125
-50.0,-30.0,3.0267985
-50.0,-20.0,3.1519477
-50.0,-10.0,3.2428045
-50.0,0.0,3.3031805
-50.0,10.0,3.378505
-50.0,20.0,3.3745987
-50.0,30.0,3.3911278
-50.0,40.0,3.4088976
-50.0,50.0,3.4276419
-50.0,60.0,3.429068
-50.0,70.0,3.4587183
-50.0,80.0,3.4525735
-50.0,90.0,3.4522736
-50.0,100.0,3.460218
-50.0,110.0,3.4574938
-50.0,120.0,3.4860165
-50.0,130.0,3.461883
-50.0,140.0,3.4554513
-50.0,150.0,3.4293137
-50.0,160.0,3.4671254
-50.0,170.0,3.4474134
-45.0,-179.99999,3.234932
-45.0,-170.0,3.1336093
-45.0,-160.0,3.0115218
-45.0,-150.0,2.8761742
-45.0,-140.0,2.7482157
-45.0,-130.0,2.5931976
-45.0,-120.0,2.4302511
-45.0,-110.0,2.2469714
-45.0,-100.0,2.1402116
-45.0,-90.0,2.056482
-45.0,-80.0,2.0913148
-45.0,-70.0,2.1890833
-45.0,-60.0,2.2938192
-45.0,-50.0,2.4385138
-45.0,-40.0,2.6190755
-45.0,-30.0,2.8308573
-45.0,-20.0,2.9842505
-45.0,-10.0,3.0483282
-45.0,0.0,3.1409693
-45.0,10.0,3.2274537
-45.0,20.0,3.2495408
-45.0,30.0,3.2755756
-45.0,40.0,3.300302
-45.0,50.0,3.3037012
-45.0,60.0,3.3596244
-45.0,70.0,3.414587
-45.0,80.0,3.4137356
-45.0,90.0,3.4453208
-45.0,100.0,3.475726
-45.0,110.0,3.4662383
-45.0,120.0,3.449208
-45.0,130.0,3.4316945
-45.0,140.0,3.442342
-45.0,150.0,3.4193048
-45.0,160.0,3.4084673
-45.0,170.0,3.3410947
-40.0,-179.99999,2.9120867
-40.0,-170.0,2.797729
-40.0,-160.0,2.6607053
-40.0,-150.0,2.5177834
-40.0,-140.0,2.3970861
-40.0,-130.0,2.2509189
-40.0,-120.0,2.103705
-40.0,-110.0,1.9353206
-40.0,-100.0,1.8663521
-40.0,-90.0,1.8854278
-40.0,-80.0,1.9231489
-40.0,-70.0,2.0108135
-40.0,-60.0,2.1575494
-40.0,-50.0,2.2787704
-40.0,-40.0,2.438754
-40.0,-30.0,2.6238503
-40.0,-20.0,2.7633522
-40.0,-10.0,2.8776262
-40.0,0.0,2.9500775
-40.0,10.0,3.0522738
-40.0,20.0,3.062219
-40.0,30.0,3.104573
-40.0,40.0,3.1288161
-40.0,50.0,3.1333733
-40.0,60.0,3.1943014
-40.0,70.0,3.25196
-40.0,80.0,3.317915
-40.0,90.0,3.3306518
-40.0,100.0,3.37693
-40.0,110.0,3.345251
-40.0,120.0,3.331343
-40.0,130.0,3.3230488
-40.0,140.0,3.3103635
-40.0,150.0,3.240051
-40.0,160.0,3.122654
-40.0,170.0,3.0288348
-35.0,-179.99999,2.5517116
-35.0,-170.0,2.409489
-35.0,-160.0,2.3063636
-35.0,-150.0,2.1871967
-35.0,-140.0,2.0870523
-35.0,-130.0,1.9697158
-35.0,-120.0,1.8249978
-35.0,-110.0,1.7211819
-35.0,-100.0,1.6810648
-35.0,-90.0,1.7410374
-35.0,-80.0,1.7737908
-35.0,-70.0,1.8594031
-35.0,-60.0,2.005034
-35.0,-50.0,2.1237938
-35.0,-40.0,2.2809906
-35.0,-30.0,2.429912
-35.0,-20.0,2.559491
-35.0,-10.0,2.6720216
-35.0,0.0,2.7769535
-35.0,10.0,2.8186197
-35.0,20.0,2.8324842
-35.0,30.0,2.8212545
-35.0,40.0,2.8235173
-35.0,50.0,2.8484828
-35.0,60.0,2.8793323
-35.0,70.0,2.9190807
-35.0,80.0,2.9982262
-35.0,90.0,3.0349908
-35.0,100.0,3.053217
-35.0,110.0,3.0604124
-35.0,120.0,3.0575237
-35.0,130.0,3.0120497
-35.0,140.0,2.9631903
-35.0,150.0,2.8928256
-35.0,160.0,2.7708037
-35.0,170.0,2.6606987
-30.0,-179.99999,2.1457531
-30.0,-170.0,2.0365155
-30.0,-160.0,1.9587758
-30.0,-150.0,1.9117157
-30.0,-140.0,1.8147609
-30.0,-130.0,1.7031956
-30.0,-120.0,1.6216211
-30.0,-110.0,1.6134391
-30.0,-100.0,1.6198285
-30.0,-90.0,1.6539981
-30.0,-80.0,1.6879661
-30.0,-70.0,1.7414641
-30.0,-60.0,1.828153
-30.0,-50.0,1.94773
-30.0,-40.0,2.1073928
-30.0,-30.0,2.2525687
-30.0,-20.0,2.3622868
-30.0,-10.0,2.4503825
-30.0,0.0,2.5214682
-30.0,10.0,2.538629
-30.0,20.0,2.52732
-30.0,30.0,2.5293064
-30.0,40.0,2.4888217
-30.0,50.0,2.5154912
-30.0,60.0,2.532123
-30.0,70.0,2.5781991
-30.0,80.0,2.5977
-30.0,90.0,2.6170352
-30.0,100.0,2.6224155
-30.0,110.0,2.6471734
-30.0,120.0,2.6100593
-30.0,130.0,2.5750246
-30.0,140.0,2.5453353
-30.0,150.0,2.4875937
-30.0,160.0,2.3958306
-30.0,170.0,2.267396
-25.0,-179.99999,1.7966092
-25.0,-170.0,1.7274518
-25.0,-160.0,1.671735
-25.0,-150.0,1.6381005
-25.0,-140.0,1.5669788
-25.0,-130.0,1.5356734
-25.0,-120.0,1.5399712
-25.0,-110.0,1.560818
-25.0,-100.0,1.5787797
-25.0,-90.0,1.5983759
-25.0,-80.0,1.6136484
-25.0,-70.0,1.6760874
-25.0,-60.0,1.7168983
-25.0,-50.0,1.7806112
-25.0,-40.0,1.9215697
-25.0,-30.0,2.0584426
-25.0,-20.0,2.1641572
-25.0,-10.0,2.2591226
-25.0,0.0,2.2839434
-25.0,10.0,2.2701252
-25.0,20.0,2.2304509
-25.0,30.0,2.184948
-25.0,40.0,2.1410923
-25.0,50.0,2.088057
-25.0,60.0,2.095334
-25.0,70.0,2.1065483
-25.0,80.0,2.133347
-25.0,90.0,2.144662
-25.0,100.0,2.1737812
-25.0,110.0,2.181456
-25.0,120.0,2.13746
-25.0,130.0,2.1107934
-25.0,140.0,2.0763667
-25.0,150.0,2.0124865
-25.0,160.0,1.9223938
-25.0,170.0,1.8210032
-20.0,-179.99999,1.5432503
-20.0,-170.0,1.517738
-20.0,-160.0,1.4954448
-20.0,-150.0,1.4657806
-20.0,-140.0,1.4781243
-20.0,-130.0,1.4792657
-20.0,-120.0,1.4901054
-20.0,-110.0,1.5169665
-20.0,-100.0,1.5353031
-20.0,-90.0,1.5534537
-20.0,-80.0,1.5698088
-20.0,-70.0,1.6089572
-20.0,-60.0,1.640521
-20.0,-50.0,1.691485
-20.0,-40.0,1.7555197
-20.0,-30.0,1.8697088
-20.0,-20.0,1.976573
-20.0,-10.0,2.034209
-20.0,0.0,2.0492308
-20.0,10.0,1.994844
-20.0,20.0,1.9433749
-20.0,30.0,1.8709803
-20.0,40.0,1.8372773
-20.0,50.0,1.7857757
-20.0,60.0,1.7394053
-20.0,70.0,1.7169135
-20.0,80.0,1.7157243
-20.0,90.0,1.7076935
-20.0,100.0,1.7348415
-20.0,110.0,1.6982772
-20.0,120.0,1.7146027
-20.0,130.0,1.7190628
-20.0,140.0,1.7098813
-20.0,150.0,1.6922094
-20.0,160.0,1.6335514
-20.0,170.0,1.5720193
-15.0,-179.99999,1.4159343
-15.0,-170.0,1.4310269
-15.0,-160.0,1.4197056
-15.0,-150.0,1.4069498
-15.0,-140.0,1.4394623
-15.0,-130.0,1.46007
-15.0,-120.0,1.4560308
-15.0,-110.0,1.4731872
-15.0,-100.0,1.5138282
-15.0,-90.0,1.5234189
-15.0,-80.0,1.5323334
-15.0,-70.0,1.5629807
-15.0,-60.0,1.583257
-15.0,-50.0,1.609102
-15.0,-40.0,1.6611595
-15.0,-30.0,1.7039529
-15.0,-20.0,1.7916758
-15.0,-10.0,1.8405956
-15.0,0.0,1.8239981
-15.0,10.0,1.7773309
-15.0,20.0,1.703855
-15.0,30.0,1.6626583
-15.0,40.0,1.6194346
-15.0,50.0,1.5825335
-15.0,60.0,1.5384855
-15.0,70.0,1.5117509
-15.0,80.0,1.4788053
-15.0,90.0,1.4724154
-15.0,100.0,1.4549333
-15.0,110.0,1.4431845
-15.0,120.0,1.45434
-15.0,130.0,1.4824833
-15.0,140.0,1.4941031
-15.0,150.0,1.4800838
-15.0,160.0,1.4572611
-15.0,170.0,1.4503086
-10.0,-179.99999,1.3815199
-10.0,-170.0,1.3834677
-10.0,-160.0,1.3806695
-10.0,-150.0,1.3970886
-10.0,-140.0,1.4095688
-10.0,-130.0,1.4385902
-10.0,-120.0,1.4359221
-10.0,-110.0,1.4580144
-10.0,-100.0,1.4880087
-10.0,-90.0,1.5095012
-10.0,-80.0,1.5220287
-10.0,-70.0,1.5456039
-10.0,-60.0,1.5483079
-10.0,-50.0,1.5656435
-10.0,-40.0,1.5766406
-10.0,-30.0,1.6169413
-10.0,-20.0,1.6184907
-10.0,-10.0,1.6574931
-10.0,0.0,1.6456842
-10.0,10.0,1.6237236
-10.0,20.0,1.5816023
-10.0,30.0,1.532634
-10.0,40.0,1.4919034
-10.0,50.0,1.4502022
-10.0,60.0,1.4190478
-10.0,70.0,1.3700473
-10.0,80.0,1.3445318
-10.0,90.0,1.3651752
-10.0,100.0,1.347995
-10.0,110.0,1.3357556
-10.0,120.0,1.3711807
-10.0,130.0,1.3733411
-10.0,140.0,1.3688991
-10.0,150.0,1.3756019
-10.0,160.0,1.3841114
-10.0,170.0,1.3812133
-5.0,-179.99999,1.3484426
-5.0,-170.0,1.346942
-5.0,-160.0,1.3776798
-5.0,-150.0,1.3836358
-5.0,-140.0,1.404318
-5.0,-130.0,1.4155368
-5.0,-120.0,1.4176271
-5.0,-110.0,1.4566021
-5.0,-100.0,1.4845734
-5.0,-90.0,1.4985944
-5.0,-80.0,1.5243797
-5.0,-70.0,1.52813
-5.0,-60.0,1.5211446
-5.0,-50.0,1.5298617
-5.0,-40.0,1.5336897
-5.0,-30.0,1.5412899
-5.0,-20.0,1.540975
-5.0,-10.0,1.5142305
-5.0,0.0,1.526599
-5.0,10.0,1.5193406
-5.0,20.0,1.4951451
-5.0,30.0,1.4453847
-5.0,40.0,1.3985875
-5.0,50.0,1.3553834
-5.0,60.0,1.3258823
-5.0,70.0,1.3043125
-5.0,80.0,1.2997754
-5.0,90.0,1.2883122
-5.0,100.0,1.2789414
-5.0,110.0,1.2845981
-5.0,120.0,1.3025877
-5.0,130.0,1.3025122
-5.0,140.0,1.3111973
-5.0,150.0,1.3222761
-5.0,160.0,1.3310995
-5.0,170.0,1.3356739
0.0,-179.99999,1.3215616
0.0,-170.0,1.3556147
0.0,-160.0,1.3758473
0.0,-150.0,1.3898948
0.0,-140.0,1.3990815
0.0,-130.0,1.4114326
0.0,-120.0,1.4336916
0.0,-110.0,1.4613194
0.0,-100.0,1.5014309
0.0,-90.0,1.5359609
0.0,-80.0,1.5332708
0.0,-70.0,1.528256
0.0,-60.0,1.5204365
0.0,-50.0,1.4993306
0.0,-40.0,1.495129
0.0,-30.0,1.4823674
0.0,-20.0,1.4842954
0.0,-10.0,1.464012
0.0,0.0,1.4380437
0.0,10.0,1.4489201
0.0,20.0,1.4278543
0.0,30.0,1.4021404
0.0,40.0,1.340508
0.0,50.0,1.318508
0.0,60.0,1.2930641
0.0,70.0,1.2785254
0.0,80.0,1.2619795
0.0,90.0,1.2481364
0.0,100.0,1.2397498
0.0,110.0,1.2474405
0.0,120.0,1.2511487
0.0,130.0,1.2694027
0.0,140.0,1.2790844
0.0,150.0,1.306644
0.0,160.0,1.3144861
0.0,170.0,1.3120027
5.0,-179.99999,1.3319467
5.0,-170.0,1.3647163
5.0,-160.0,1.3804257
5.0,-150.0,1.4006804
5.0,-140.0,1.4067736
5.0,-130.0,1.4281305
5.0,-120.0,1.4686104
5.0,-110.0,1.4955461
5.0,-100.0,1.5445342
5.0,-90.0,1.5794234
5.0,-80.0,1.5797627
5.0,-70.0,1.5513427
5.0,-60.0,1.1784979
5.0,-50.0,1.1610779
5.0,-40.0,1.139426
5.0,-30.0,1.1223967
5.0,-20.0,1.1200043
5.0,-10.0,1.1087841
5.0,0.0,1.095576
5.0,10.0,1.0546474
5.0,20.0,1.0425986
5.0,30.0,1.0259761
5.0,40.0,1.0210567
5.0,50.0,0.9992405
5.0,60.0,0.98362213
5.0,70.0,0.949009
5.0,80.0,0.9459728
5.0,90.0,0.93917555
5.0,100.0,0.9342079
5.0,110.0,0.94850546
5.0,120.0,0.95306927
5.0,130.0,0.96406764
5.0,140.0,0.9921092
5.0,150.0,1.0031509
5.0,160.0,1.0057174
5.0,170.0,1.0168173
10.0,-179.99999,1.0527037
10.0,-170.0,1.0753624
10.0,-160.0,1.0791218
10.0,-150.0,1.0889846
10.0,-140.0,1.1136744
10.0,-130.0,1.1364636
10.0,-120.0,1.1600014
10.0,-110.0,1.2116456
10.0,-100.0,1.272762
10.0,-90.0,1.3126309
10.0,-80.0,1.2820045
10.0,-70.0,1.2517408
10.0,-60.0,1.1996714
10.0,-50.0,1.170121
10.0,-40.0,1.1315016
10.0,-30.0,1.1207929
10.0,-20.0,1.1134939
10.0,-10.0,1.0787737
10.0,0.0,1.0724481
10.0,10.0,1.043009
10.0,20.0,1.0189544
10.0,30.0,1.0180691
10.0,40.0,1.0183936
10.0,50.0,0.9869106
10.0,60.0,0.95698345
10.0,70.0,0.94950634
10.0,80.0,0.93964803
10.0,90.0,0.93363637
10.0,100.0,0.92909807
10.0,110.0,0.94880676
10.0,120.0,0.9494204
10.0,130.0,0.9670578
10.0,140.0,0.9949983
10.0,150.0,1.0035043
10.0,160.0,1.0152006
10.0,170.0,1.0316443
15.0,-179.99999,1.0893257
15.0,-170.0,1.0989616
15.0,-160.0,1.1112288
15.0,-150.0,1.1206218
15.0,-140.0,1.1444578
15.0,-130.0,1.1743462
15.0,-120.0,1.2288843
15.0,-110.0,1.3032115
15.0,-100.0,1.428547
15.0,-90.0,1.5068924
15.0,-80.0,1.4819273
15.0,-70.0,1.3594933
15.0,-60.0,1.2492021
15.0,-50.0,1.1816916
15.0,-40.0,1.1327455
15.0,-30.0,1.1243123
15.0,-20.0,1.1078585
15.0,-10.0,1.0733836
15.0,0.0,1.0518625
15.0,10.0,1.0543882
15.0,20.0,1.0355711
15.0,30.0,1.0156432
15.0,40.0,1.0097517
15.0,50.0,0.99135345
15.0,60.0,0.97834903
15.0,70.0,0.9672913
15.0,80.0,0.94951034
15.0,90.0,0.9466452
15.0,100.0,0.94869965
15.0,110.0,0.94855994
15.0,120.0,0.9638585
15.0,130.0,0.9819332
15.0,140.0,0.9969688
15.0,150.0,1.0155032
15.0,160.0,1.03713
15.0,170.0,1.063193
20.0,-179.99999,1.123983
20.0,-170.0,1.1343158
20.0,-160.0,1.1522481
20.0,-150.0,1.1695685
20.0,-140.0,1.2058158
20.0,-130.0,1.2481496
20.0,-120.0,1.3232318
20.0,-110.0,1.4528677
20.0,-100.0,1.6067183
20.0,-90.0,1.6940072
20.0,-80.0,1.7203653
20.0,-70.0,1.5864154
20.0,-60.0,1.3788303
20.0,-50.0,1.2441818
20.0,-40.0,1.185795
20.0,-30.0,1.1570468
20.0,-20.0,1.1345661
20.0,-10.0,1.1098821
20.0,0.0,1.0790193
20.0,10.0,1.0817696
20.0,20.0,1.0677978
20.0,30.0,1.0479323
20.0,40.0,1.020796
20.0,50.0,1.0279493
20.0,60.0,1.0238497
20.0,70.0,0.9952153
20.0,80.0,0.97476834
20.0,90.0,0.97368455
20.0,100.0,0.9730808
20.0,110.0,0.9737233
20.0,120.0,0.99080527
20.0,130.0,1.0050236
20.0,140.0,1.0168579
20.0,150.0,1.0320373
20.0,160.0,1.0726811
20.0,170.0,1.102068
25.0,-179.99999,1.1552747
25.0,-170.0,1.1776806
25.0,-160.0,1.2250457
25.0,-150.0,1.2528833
25.0,-140.0,1.292395
25.0,-130.0,1.354665
25.0,-120.0,1.481912
25.0,-110.0,1.6291236
25.0,-100.0,1.7921994
25.0,-90.0,1.8956329
25.0,-80.0,1.9240724
25.0,-70.0,1.8270888
25.0,-60.0,1.5901396
25.0,-50.0,1.3633611
25.0,-40.0,1.253902
25.0,-30.0,1.2233425
25.0,-20.0,1.1968005
25.0,-10.0,1.1539272
25.0,0.0,1.1497412
25.0,10.0,1.1313981
25.0,20.0,1.1210128
25.0,30.0,1.1254443
25.0,40.0,1.1060491
25.0,50.0,1.0817157
25.0,60.0,1.0659108
25.0,70.0,1.0496488
25.0,80.0,1.0393279
25.0,90.0,1.0215119
25.0,100.0,1.0119882
25.0,110.0,1.0217569
25.0,120.0,1.0280743
25.0,130.0,1.0491865
25.0,140.0,1.0573133
25.0,150.0,1.0775445
25.0,160.0,1.1117322
25.0,170.0,1.141673
30.0,-179.99999,1.2362556
30.0,-170.0,1.3068733
30.0,-160.0,1.3827
30.0,-150.0,1.4229026
30.0,-140.0,1.4993017
30.0,-130.0,1.6299527
30.0,-120.0,1.7755482
30.0,-110.0,1.937742
30.0,-100.0,2.0840366
30.0,-90.0,2.1575148
30.0,-80.0,2.1670303
30.0,-70.0,2.0906885
30.0,-60.0,1.8879011
30.0,-50.0,1.6256981
30.0,-40.0,1.4381651
30.0,-30.0,1.3308873
30.0,-20.0,1.2801876
30.0,-10.0,1.2576675
30.0,0.0,1.248824
30.0,10.0,1.233589
30.0,20.0,1.2317321
30.0,30.0,1.2194903
30.0,40.0,1.2207698
30.0,50.0,1.1893121
30.0,60.0,1.1545091
30.0,70.0,1.1258253
30.0,80.0,1.1148529
30.0,90.0,1.1055368
30.0,100.0,1.1001918
30.0,110.0,1.0900139
30.0,120.0,1.0931077
30.0,130.0,1.1052569
30.0,140.0,1.1181664
30.0,150.0,1.1407948
30.0,160.0,1.1801566
30.0,170.0,1.2029821
35.0,-179.99999,1.4402153
35.0,-170.0,1.493758
35.0,-160.0,1.5885091
35.0,-150.0,1.6721318
35.0,-140.0,1.8014535
35.0,-130.0,1.9331939
35.0,-120.0,2.0434709
35.0,-110.0,2.1721895
35.0,-100.0,2.2826877
35.0,-90.0,2.333656
35.0,-80.0,2.3378966
35.0,-70.0,2.2991812
35.0,-60.0,2.1599956
35.0,-50.0,1.9626323
35.0,-40.0,1.7618861
35.0,-30.0,1.592556
35.0,-20.0,1.4866306
35.0,-10.0,1.4602922
35.0,0.0,1.436538
35.0,10.0,1.4187433
35.0,20.0,1.4270356
35.0,30.0,1.4007182
35.0,40.0,1.3799303
35.0,50.0,1.3635688
35.0,60.0,1.3360995
35.0,70.0,1.3011887
35.0,80.0,1.2734476
35.0,90.0,1.2755026
35.0,100.0,1.2757024
35.0,110.0,1.260274
35.0,120.0,1.253984
35.0,130.0,1.2320969
35.0,140.0,1.2286515
35.0,150.0,1.2616087
35.0,160.0,1.3033836
35.0,170.0,1.3797127
40.0,-179.99999,1.6730902
40.0,-170.0,1.7638897
40.0,-160.0,1.8666592
40.0,-150.0,1.9687241
40.0,-140.0,2.0643475
40.0,-130.0,2.1997733
40.0,-120.0,2.2827907
40.0,-110.0,2.3689456
40.0,-100.0,2.4645796
40.0,-90.0,2.502679
40.0,-80.0,2.5071347
40.0,-70.0,2.4677227
40.0,-60.0,2.3804798
40.0,-50.0,2.2602525
40.0,-40.0,2.0871687
40.0,-30.0,1.9348636
40.0,-20.0,1.8267859
40.0,-10.0,1.7523265
40.0,0.0,1.6880674
40.0,10.0,1.703063
40.0,20.0,1.6968518
40.0,30.0,1.7065722
40.0,40.0,1.7014481
40.0,50.0,1.682877
40.0,60.0,1.6514972
40.0,70.0,1.6133573
40.0,80.0,1.5908983
40.0,90.0,1.5656418
40.0,100.0,1.545651
40.0,110.0,1.5242463
40.0,120.0,1.4976007
40.0,130.0,1.4772618
40.0,140.0,1.4386598
40.0,150.0,1.4600034
40.0,160.0,1.5152496
40.0,170.0,1.5939956
45.0,-179.99999,1.9433444
45.0,-170.0,2.052468
45.0,-160.0,2.1093116
45.0,-150.0,2.2135608
45.0,-140.0,2.3204408
45.0,-130.0,2.4104176
45.0,-120.0,2.4754074
45.0,-110.0,2.5405104
45.0,-100.0,2.5742102
45.0,-90.0,2.5693758
45.0,-80.0,2.584353
45.0,-70.0,2.5610375
45.0,-60.0,2.5453155
45.0,-50.0,2.4566498
45.0,-40.0,2.3544028
45.0,-30.0,2.2327373
45.0,-20.0,2.1772556
45.0,-10.0,2.0905037
45.0,0.0,2.0567884
45.0,10.0,2.0453715
45.0,20.0,2.0368133
45.0,30.0,2.01302
45.0,40.0,2.008411
45.0,50.0,1.9968688
45.0,60.0,1.9841125
45.0,70.0,1.9482262
45.0,80.0,1.9309101
45.0,90.0,1.9023393
45.0,100.0,1.8835603
45.0,110.0,1.8566619
45.0,120.0,1.821913
45.0,130.0,1.8021609
45.0,140.0,1.77191
45.0,150.0,1.7783554
45.0,160.0,1.8149534
45.0,170.0,1.8607309
50.0,-179.99999,2.220982
50.0,-170.0,2.291997
50.0,-160.0,2.3563924
50.0,-150.0,2.4401476
50.0,-140.0,2.5156014
50.0,-130.0,2.5434818
50.0,-120.0,2.5749586
50.0,-110.0,2.5890064
50.0,-100.0,2.594339
50.0,-90.0,2.574555
50.0,-80.0,2.574818
50.0,-70.0,2.5823112
50.0,-60.0,2.588004
50.0,-50.0,2.5612307
50.0,-40.0,2.531167
50.0,-30.0,2.481
50.0,-20.0,2.4131825
50.0,-10.0,2.3902686
50.0,0.0,2.3845925
50.0,10.0,2.3400986
50.0,20.0,2.2936978
50.0,30.0,2.277338
50.0,40.0,2.2718565
50.0,50.0,2.2632275
50.0,60.0,2.2424428
50.0,70.0,2.2258067
50.0,80.0,2.2219434
50.0,90.0,2.2101529
50.0,100.0,2.1900845
50.0,110.0,2.1807568
50.0,120.0,2.1485417
50.0,130.0,2.114936
50.0,140.0,2.0897684
50.0,150.0,2.102919
50.0,160.0,2.1266897
50.0,170.0,2.174874
55.0,-179.99999,2.4255126
55.0,-170.0,2.470174
55.0,-160.0,2.5222516
55.0,-150.0,2.5533414
55.0,-140.0,2.5792146
55.0,-130.0,2.5752954
55.0,-120.0,2.589392
55.0,-110.0,2.6012259
55.0,-100.0,2.607848
55.0,-90.0,2.5816143
55.0,-80.0,2.5731955
55.0,-70.0,2.5948358
55.0,-60.0,2.5988069
55.0,-50.0,2.5808866
55.0,-40.0,2.5754423
55.0,-30.0,2.5736492
55.0,-20.0,2.558914
55.0,-10.0,2.540426
55.0,0.0,2.5311177
55.0,10.0,2.5029044
55.0,20.0,2.477598
55.0,30.0,2.4853747
55.0,40.0,2.4852939
55.0,50.0,2.477658
55.0,60.0,2.464636
55.0,70.0,2.4599524
55.0,80.0,2.4564118
55.0,90.0,2.4450686
55.0,100.0,2.4261248
55.0,110.0,2.403059
55.0,120.0,2.381814
55.0,130.0,2.3512652
55.0,140.0,2.3432684
55.0,150.0,2.3475957
55.0,160.0,2.3709383
55.0,170.0,2.3924792
60.0,-179.99999,2.5515485
60.0,-170.0,2.5678093
60.0,-160.0,2.5664423
60.0,-150.0,2.5789297
60.0,-140.0,2.5920086
60.0,-130.0,2.5891016
60.0,-120.0,2.5922039
60.0,-110.0,2.5978742
60.0,-100.0,2.6009393
60.0,-90.0,2.5935419
60.0,-80.0,2.5880294
60.0,-70.0,2.5967143
60.0,-60.0,2.595662
60.0,-50.0,2.584413
60.0,-40.0,2.5830746
60.0,-30.0,2.590968
60.0,-20.0,2.5807104
60.0,-10.0,2.5829701
60.0,0.0,2.562473
60.0,10.0,2.565724
60.0,20.0,2.5596566
60.0,30.0,2.5752628
60.0,40.0,2.5805593
60.0,50.0,2.5753386
60.0,60.0,2.5687342
60.0,70.0,2.5677392
60.0,80.0,2.5696588
60.0,90.0,2.559123
60.0,100.0,2.5543468
60.0,110.0,2.5441918
60.0,120.0,2.551789
60.0,130.0,2.540598
60.0,140.0,2.5325775
60.0,150.0,2.5190744
60.0,160.0,2.5324693
60.0,170.0,2.5193992
65.0,-179.99999,2.575224
65.0,-170.0,2.596078
65.0,-160.0,2.5852592
65.0,-150.0,2.5789778
65.0,-140.0,2.5947661
65.0,-130.0,2.5937574
65.0,-120.0,2.5941315
65.0,-110.0,2.5804915
65.0,-100.0,2.5905955
65.0,-90.0,2.6012921
65.0,-80.0,2.5975804
65.0,-70.0,2.594686
65.0,-60.0,2.5909307
65.0,-50.0,2.578445
65.0,-40.0,2.5846443
65.0,-30.0,2.5925415
65.0,-20.0,2.5834365
65.0,-10.0,2.594416
65.0,0.0,2.5805836
65.0,10.0,2.574445
65.0,20.0,2.5639017
65.0,30.0,2.5829024
65.0,40.0,2.5882103
65.0,50.0,2.583008
65.0,60.0,2.5856528
65.0,70.0,2.585022
65.0,80.0,2.5869513
65.0,90.0,2.5829148
65.0,100.0,2.5828688
65.0,110.0,2.573202
65.0,120.0,2.571557
65.0,130.0,2.573979
65.0,140.0,2.5738924
65.0,150.0,2.5721955
65.0,160.0,2.5867474
65.0,170.0,2.576849
70.0,-179.99999,2.5852277
70.0,-170.0,2.6042001
70.0,-160.0,2.60319
70.0,-150.0,2.591542
70.0,-140.0,2.5908303
70.0,-130.0,2.5893676
70.0,-120.0,2.5897613
70.0,-110.0,2.576623
70.0,-100.0,2.5812845
70.0,-90.0,2.591953
70.0,-80.0,2.5886095
70.0,-70.0,2.5784721
70.0,-60.0,2.5703619
70.0,-50.0,2.5660553
70.0,-40.0,2.5718594
70.0,-30.0,2.575417
70.0,-20.0,2.574762
70.0,-10.0,2.5888858
70.0,0.0,2.594391
70.0,10.0,2.587843
70.0,20.0,2.5843256
70.0,30.0,2.5868423
70.0,40.0,2.575917
70.0,50.0,2.5739794
70.0,60.0,2.5775898
70.0,70.0,2.5771058
70.0,80.0,2.579031
70.0,90.0,2.5795026
70.0,100.0,2.572753
70.0,110.0,2.5768695
70.0,120.0,2.5809183
70.0,130.0,2.5998576
70.0,140.0,2.5794291
70.0,150.0,2.5881004
70.0,160.0,2.601251
70.0,170.0,2.5929794
75.0,-179.99999,2.5873752
75.0,-170.0,2.6026711
75.0,-160.0,2.6054363
75.0,-150.0,2.6014028
75.0,-140.0,2.5935795
75.0,-130.0,2.5970366
75.0,-120.0,2.6009626
75.0,-110.0,2.5718727
75.0,-100.0,2.5684912
75.0,-90.0,2.580905
75.0,-80.0,2.585429
75.0,-70.0,2.5833118
75.0,-60.0,2.577156
75.0,-50.0,2.5823374
75.0,-40.0,2.5848067
75.0,-30.0,2.5764065
75.0,-20.0,2.574556
75.0,-10.0,2.5719428
75.0,0.0,2.5837736
75.0,10.0,2.5837457
75.0,20.0,2.5877385
75.0,30.0,2.5902572
75.0,40.0,2.5845203
75.0,50.0,2.584503
75.0,60.0,2.57898
75.0,70.0,2.5760078
75.0,80.0,2.5787418
75.0,90.0,2.5829017
75.0,100.0,2.5866585
75.0,110.0,2.59176
75.0,120.0,2.5951145
75.0,130.0,2.5975907
75.0,140.0,2.5856965
75.0,150.0,2.5839252
75.0,160.0,2.5970602
75.0,170.0,2.5947304
80.0,-179.99999,2.5877874
80.0,-170.0,2.583002
80.0,-160.0,2.5885992
80.0,-150.0,2.5939429
80.0,-140.0,2.5813324
80.0,-130.0,2.588763
80.0,-120.0,2.587594
80.0,-110.0,2.5699613
80.0,-100.0,2.5839505
80.0,-90.0,2.593552
80.0,-80.0,2.5824025
80.0,-70.0,2.5751238
80.0,-60.0,2.5783494
80.0,-50.0,2.583513
80.0,-40.0,2.5641966
80.0,-30.0,2.5746179
80.0,-20.0,2.5816004
80.0,-10.0,2.5757418
80.0,0.0,2.578899
80.0,10.0,2.5666003
80.0,20.0,2.5708785
80.0,30.0,2.5733857
80.0,40.0,2.5741646
80.0,50.0,2.5821445
80.0,60.0,2.5766256
80.0,70.0,2.5755486
80.0,80.0,2.5779681
80.0,90.0,2.5795965
80.0,100.0,2.5839448
80.0,110.0,2.585164
80.0,120.0,2.5862846
80.0,130.0,2.5714355
80.0,140.0,2.5793047
80.0,150.0,2.5612206
80.0,160.0,2.574411
80.0,170.0,2.586781
