n_points,n_peaks,h_star_km,pf_soft_ok,osc_metric,dose_max_uSvph,lat_deg,lon_deg,date
3,0,9.99987840004,False,0.0,3.4629,-80.0,-179.99999,2002/01/00
3,0,9.99987840004,False,0.0,3.4629,-80.0,-170.0,2002/01/00
3,0,9.99987840004,False,0.0,3.4629,-80.0,-160.0,2002/01/00
3,0,9.99987840004,False,0.0,3.4629,-80.0,-150.0,2002/01/00
3,0,9.99987840004,False,0.0,3.4629,-80.0,-140.0,2002/01/00
3,0,9.99987840004,False,0.0,3.4629,-80.0,-130.0,2002/01/00
3,0,9.99987840004,False,0.0,3.4629,-80.0,-120.0,2002/01/00
3,0,9.99987840004,False,0.0,3.4629,-80.0,-110.0,2002/01/00
3,0,9.99987840004,False,0.0,3.4629,-80.0,-100.0,2002/01/00
3,0,9.99987840004,False,0.0,3.4629,-80.0,-90.0,2002/01/00
3,0,9.99987840004,False,0.0,3.4629,-80.0,-80.0,2002/01/00
3,0,9.99987840004,False,0.0,3.4629,-80.0,-70.0,2002/01/00
3,0,9.99987840004,False,0.0,3.4629,-80.0,-60.0,2002/01/00
3,0,9.99987840004,False,0.0,3.4629,-80.0,-50.0,2002/01/00
3,0,9.99987840004,False,0.0,3.4629,-80.0,-40.0,2002/01/00
3,0,9.99987840004,False,0.0,3.4629,-80.0,-30.0,2002/01/00
3,0,9.99987840004,False,0.0,3.4629,-80.0,-20.0,2002/01/00
3,0,9.99987840004,False,0.0,3.4629,-80.0,-10.0,2002/01/00
3,0,9.99987840004,False,0.0,3.4629,-80.0,0.0,2002/01/00
3,0,9.99987840004,False,0.0,3.4629,-80.0,10.0,2002/01/00
3,0,9.99987840004,False,0.0,3.4629,-80.0,20.0,2002/01/00
3,0,9.99987840004,False,0.0,3.4629,-80.0,30.0,2002/01/00
3,0,9.99987840004,False,0.0,3.4629,-80.0,40.0,2002/01/00
3,0,9.99987840004,False,0.0,3.4629,-80.0,50.0,2002/01/00
3,0,9.99987840004,False,0.0,3.4629,-80.0,60.0,2002/01/00
3,0,9.99987840004,False,0.0,3.4629,-80.0,70.0,2002/01/00
3,0,9.99987840004,False,0.0,3.4629,-80.0,80.0,2002/01/00
3,0,9.99987840004,False,0.0,3.4629,-80.0,90.0,2002/01/00
3,0,9.99987840004,False,0.0,3.4629,-80.0,100.0,2002/01/00
3,0,9.99987840004,False,0.0,3.4629,-80.0,110.0,2002/01/00
3,0,9.99987840004,False,0.0,3.4629,-80.0,120.0,2002/01/00
3,0,9.99987840004,False,0.0,3.4629,-80.0,130.0,2002/01/00
3,0,9.99987840004,False,0.0,3.4629,-80.0,140.0,2002/01/00
3,0,9.99987840004,False,0.0,3.4629,-80.0,150.0,2002/01/00
3,0,9.99987840004,False,0.0,3.4629,-80.0,160.0,2002/01/00
3,0,9.99987840004,False,0.0,3.4629,-80.0,170.0,2002/01/00
3,0,9.99987840004,False,0.0,3.4629,-75.0,-179.99999,2002/01/00
3,0,9.99987840004,False,0.0,3.4629,-75.0,-170.0,2002/01/00
3,0,9.99987840004,False,0.0,3.4629,-75.0,-160.0,2002/01/00
3,0,9.99987840004,False,0.0,3.4629,-75.0,-150.0,2002/01/00
3,0,9.99987840004,False,0.0,3.4629,-75.0,-140.0,2002/01/00
3,0,9.99987840004,False,0.0,3.4629,-75.0,-130.0,2002/01/00
3,0,9.99987840004,False,0.0,3.4629,-75.0,-120.0,2002/01/00
3,0,9.99987840004,False,0.0,3.4629,-75.0,-110.0,2002/01/00
3,0,9.99987840004,False,0.0,3.4628,-75.0,-100.0,2002/01/00
3,0,9.99987840004,False,0.0,3.4626,-75.0,-90.0,2002/01/00
3,0,9.99987840004,False,0.0,3.4623,-75.0,-80.0,2002/01/00
3,0,9.99987840004,False,0.0,3.4622,-75.0,-70.0,2002/01/00
3,0,9.99987840004,False,0.0,3.4619,-75.0,-60.0,2002/01/00
3,0,9.99987840004,False,0.0,3.4622,-75.0,-50.0,2002/01/00
3,0,9.99987840004,False,0.0,3.4625,-75.0,-40.0,2002/01/00
3,0,9.99987840004,False,0.0,3.4627,-75.0,-30.0,2002/01/00
3,0,9.99987840004,False,0.0,3.4628,-75.0,-20.0,2002/01/00
3,0,9.99987840004,False,0.0,3.4629,-75.0,-10.0,2002/01/00
3,0,9.99987840004,False,0.0,3.4629,-75.0,0.0,2002/01/00
3,0,9.99987840004,False,0.0,3.4629,-75.0,10.0,2002/01/00
3,0,9.99987840004,False,0.0,3.4629,-75.0,20.0,2002/01/00
3,0,9.99987840004,False,0.0,3.4629,-75.0,30.0,2002/01/00
3,0,9.99987840004,False,0.0,3.4629,-75.0,40.0,2002/01/00
3,0,9.99987840004,False,0.0,3.4629,-75.0,50.0,2002/01/00
3,0,9.99987840004,False,0.0,3.4629,-75.0,60.0,2002/01/00
3,0,9.99987840004,False,0.0,3.4629,-75.0,70.0,2002/01/00
3,0,9.99987840004,False,0.0,3.4629,-75.0,80.0,2002/01/00
3,0,9.99987840004,False,0.0,3.4629,-75.0,90.0,2002/01/00
3,0,9.99987840004,False,0.0,3.4629,-75.0,100.0,2002/01/00
3,0,9.99987840004,False,0.0,3.4629,-75.0,110.0,2002/01/00
3,0,9.99987840004,False,0.0,3.4629,-75.0,120.0,2002/01/00
3,0,9.99987840004,False,0.0,3.4629,-75.0,130.0,2002/01/00
3,0,9.99987840004,False,0.0,3.4629,-75.0,140.0,2002/01/00
3,0,9.99987840004,False,0.0,3.4629,-75.0,150.0,2002/01/00
3,0,9.99987840004,False,0.0,3.4629,-75.0,160.0,2002/01/00
3,0,9.99987840004,False,0.0,3.4629,-75.0,170.0,2002/01/00
3,0,9.99987840004,False,0.0,3.4629,-70.0,-179.99999,2002/01/00
3,0,9.99987840004,False,0.0,3.4629,-70.0,-170.0,2002/01/00
3,0,9.99987840004,False,0.0,3.4629,-70.0,-160.0,2002/01/00
3,0,9.99987840004,False,0.0,3.4629,-70.0,-150.0,2002/01/00
3,0,9.99987840004,False,0.0,3.4629,-70.0,-140.0,2002/01/00
3,0,9.99987840004,False,0.0,3.4628,-70.0,-130.0,2002/01/00
3,0,9.99987840004,False,0.0,3.4622,-70.0,-120.0,2002/01/00
3,0,9.99987840004,False,0.0,3.4589,-70.0,-110.0,2002/01/00
3,0,9.99987840004,False,0.0,3.4515,-70.0,-100.0,2002/01/00
3,0,9.99987840004,False,0.0,3.4432,-70.0,-90.0,2002/01/00
3,0,9.99987840004,False,0.0,3.4342,-70.0,-80.0,2002/01/00
3,0,9.99987840004,False,0.0,3.4342,-70.0,-70.0,2002/01/00
3,0,9.99987840004,False,0.0,3.4327,-70.0,-60.0,2002/01/00
3,0,9.99987840004,False,0.0,3.4429,-70.0,-50.0,2002/01/00
3,0,9.99987840004,False,0.0,3.4475,-70.0,-40.0,2002/01/00
3,0,9.99987840004,False,0.0,3.4539,-70.0,-30.0,2002/01/00
3,0,9.99987840004,False,0.0,3.4598,-70.0,-20.0,2002/01/00
3,0,9.99987840004,False,0.0,3.4619,-70.0,-10.0,2002/01/00
3,0,9.99987840004,False,0.0,3.4626,-70.0,0.0,2002/01/00
3,0,9.99987840004,False,0.0,3.4628,-70.0,10.0,2002/01/00
3,0,9.99987840004,False,0.0,3.4629,-70.0,20.0,2002/01/00
3,0,9.99987840004,False,0.0,3.4629,-70.0,30.0,2002/01/00
3,0,9.99987840004,False,0.0,3.4629,-70.0,40.0,2002/01/00
3,0,9.99987840004,False,0.0,3.4629,-70.0,50.0,2002/01/00
3,0,9.99987840004,False,0.0,3.4629,-70.0,60.0,2002/01/00
3,0,9.99987840004,False,0.0,3.4629,-70.0,70.0,2002/01/00
3,0,9.99987840004,False,0.0,3.4629,-70.0,80.0,2002/01/00
3,0,9.99987840004,False,0.0,3.4629,-70.0,90.0,2002/01/00
3,0,9.99987840004,False,0.0,3.4629,-70.0,100.0,2002/01/00
3,0,9.99987840004,False,0.0,3.4629,-70.0,110.0,2002/01/00
3,0,9.99987840004,False,0.0,3.4629,-70.0,120.0,2002/01/00
3,0,9.99987840004,False,0.0,3.4629,-70.0,130.0,2002/01/00
3,0,9.99987840004,False,0.0,3.4629,-70.0,140.0,2002/01/00
3,0,9.99987840004,False,0.0,3.4629,-70.0,150.0,2002/01/00
3,0,9.99987840004,False,0.0,3.4629,-70.0,160.0,2002/01/00
3,0,9.99987840004,False,0.0,3.4629,-70.0,170.0,2002/01/00
3,0,9.99987840004,False,0.0,3.4629,-65.0,-179.99999,2002/01/00
3,0,9.99987840004,False,0.0,3.4629,-65.0,-170.0,2002/01/00
3,0,9.99987840004,False,0.0,3.4629,-65.0,-160.0,2002/01/00
3,0,9.99987840004,False,0.0,3.4628,-65.0,-150.0,2002/01/00
3,0,9.99987840004,False,0.0,3.4619,-65.0,-140.0,2002/01/00
3,0,9.99987840004,False,0.0,3.4579,-65.0,-130.0,2002/01/00
3,0,9.99987840004,False,0.0,3.4375,-65.0,-120.0,2002/01/00
3,0,9.99987840004,False,0.0,3.4072,-65.0,-110.0,2002/01/00
3,0,9.99987840004,False,0.0,3.3731,-65.0,-100.0,2002/01/00
3,0,9.99987840004,False,0.0,3.3226,-65.0,-90.0,2002/01/00
3,0,9.99987840004,False,0.0,3.3032,-65.0,-80.0,2002/01/00
3,0,9.99987840004,False,0.0,3.3002,-65.0,-70.0,2002/01/00
3,0,9.99987840004,False,0.0,3.3128,-65.0,-60.0,2002/01/00
3,0,9.99987840004,False,0.0,3.3497,-65.0,-50.0,2002/01/00
3,0,9.99987840004,False,0.0,3.3802,-65.0,-40.0,2002/01/00
3,0,9.99987840004,False,0.0,3.4129,-65.0,-30.0,2002/01/00
3,0,9.99987840004,False,0.0,3.436,-65.0,-20.0,2002/01/00
3,0,9.99987840004,False,0.0,3.4495,-65.0,-10.0,2002/01/00
3,0,9.99987840004,False,0.0,3.4582,-65.0,0.0,2002/01/00
3,0,9.99987840004,False,0.0,3.4611,-65.0,10.0,2002/01/00
3,0,9.99987840004,False,0.0,3.4625,-65.0,20.0,2002/01/00
3,0,9.99987840004,False,0.0,3.4628,-65.0,30.0,2002/01/00
3,0,9.99987840004,False,0.0,3.4629,-65.0,40.0,2002/01/00
3,0,9.99987840004,False,0.0,3.4629,-65.0,50.0,2002/01/00
3,0,9.99987840004,False,0.0,3.4629,-65.0,60.0,2002/01/00
3,0,9.99987840004,False,0.0,3.4629,-65.0,70.0,2002/01/00
3,0,9.99987840004,False,0.0,3.4629,-65.0,80.0,2002/01/00
3,0,9.99987840004,False,0.0,3.4629,-65.0,90.0,2002/01/00
3,0,9.99987840004,False,0.0,3.4629,-65.0,100.0,2002/01/00
3,0,9.99987840004,False,0.0,3.4629,-65.0,110.0,2002/01/00
3,0,9.99987840004,False,0.0,3.4629,-65.0,120.0,2002/01/00
3,0,9.99987840004,False,0.0,3.4629,-65.0,130.0,2002/01/00
3,0,9.99987840004,False,0.0,3.4629,-65.0,140.0,2002/01/00
3,0,9.99987840004,False,0.0,3.4629,-65.0,150.0,2002/01/00
3,0,9.99987840004,False,0.0,3.4629,-65.0,160.0,2002/01/00
3,0,9.99987840004,False,0.0,3.4629,-65.0,170.0,2002/01/00
3,0,9.99987840004,False,0.0,3.4629,-60.0,-179.99999,2002/01/00
3,0,9.99987840004,False,0.0,3.4628,-60.0,-170.0,2002/01/00
3,0,9.99987840004,False,0.0,3.4622,-60.0,-160.0,2002/01/00
3,0,9.99987840004,False,0.0,3.456,-60.0,-150.0,2002/01/00
3,0,9.99987840004,False,0.0,3.4347,-60.0,-140.0,2002/01/00
3,0,9.99987840004,False,0.0,3.3918,-60.0,-130.0,2002/01/00
3,0,9.99987840004,False,0.0,3.3321,-60.0,-120.0,2002/01/00
3,0,9.99987840004,False,0.0,3.2413,-60.0,-110.0,2002/01/00
3,0,9.99987840004,False,0.0,3.1548,-60.0,-100.0,2002/01/00
3,0,9.99987840004,False,0.0,3.0378,-60.0,-90.0,2002/01/00
3,0,9.99987840004,False,0.0,3.0019,-60.0,-80.0,2002/01/00
3,0,9.99987840004,False,0.0,3.0196,-60.0,-70.0,2002/01/00
3,0,9.99987840004,False,0.0,3.0741,-60.0,-60.0,2002/01/00
3,0,9.99987840004,False,0.0,3.1337,-60.0,-50.0,2002/01/00
3,0,9.99987840004,False,0.0,3.2318,-60.0,-40.0,2002/01/00
3,0,9.99987840004,False,0.0,3.3161,-60.0,-30.0,2002/01/00
3,0,9.99987840004,False,0.0,3.3763,-60.0,-20.0,2002/01/00
3,0,9.99987840004,False,0.0,3.4102,-60.0,-10.0,2002/01/00
3,0,9.99987840004,False,0.0,3.4365,-60.0,0.0,2002/01/00
3,0,9.99987840004,False,0.0,3.4497,-60.0,10.0,2002/01/00
3,0,9.99987840004,False,0.0,3.4577,-60.0,20.0,2002/01/00
3,0,9.99987840004,False,0.0,3.4608,-60.0,30.0,2002/01/00
3,0,9.99987840004,False,0.0,3.4626,-60.0,40.0,2002/01/00
3,0,9.99987840004,False,0.0,3.4629,-60.0,50.0,2002/01/00
3,0,9.99987840004,False,0.0,3.4629,-60.0,60.0,2002/01/00
3,0,9.99987840004,False,0.0,3.4629,-60.0,70.0,2002/01/00
3,0,9.99987840004,False,0.0,3.4629,-60.0,80.0,2002/01/00
3,0,9.99987840004,False,0.0,3.4629,-60.0,90.0,2002/01/00
3,0,9.99987840004,False,0.0,3.4629,-60.0,100.0,2002/01/00
3,0,9.99987840004,False,0.0,3.4629,-60.0,110.0,2002/01/00
3,0,9.99987840004,False,0.0,3.4629,-60.0,120.0,2002/01/00
3,0,9.99987840004,False,0.0,3.4629,-60.0,130.0,2002/01/00
3,0,9.99987840004,False,0.0,3.4629,-60.0,140.0,2002/01/00
3,0,9.99987840004,False,0.0,3.4629,-60.0,150.0,2002/01/00
3,0,9.99987840004,False,0.0,3.4629,-60.0,160.0,2002/01/00
3,0,9.99987840004,False,0.0,3.4629,-60.0,170.0,2002/01/00
3,0,9.99987840004,False,0.0,3.4619,-55.0,-179.99999,2002/01/00
3,0,9.99987840004,False,0.0,3.4564,-55.0,-170.0,2002/01/00
3,0,9.99987840004,False,0.0,3.4352,-55.0,-160.0,2002/01/00
3,0,9.99987840004,False,0.0,3.3873,-55.0,-150.0,2002/01/00
3,0,9.99987840004,False,0.0,3.3306,-55.0,-140.0,2002/01/00
3,0,9.99987840004,False,0.0,3.2292,-55.0,-130.0,2002/01/00
3,0,9.99987840004,False,0.0,3.0952,-55.0,-120.0,2002/01/00
3,0,9.99987840004,False,0.0,2.9539,-55.0,-110.0,2002/01/00
3,0,9.99987840004,False,0.0,2.8233,-55.0,-100.0,2002/01/00
3,0,9.99987840004,False,0.0,2.7744,-55.0,-90.0,2002/01/00
3,0,9.99987840004,False,0.0,2.7365,-55.0,-80.0,2002/01/00
3,0,9.99987840004,False,0.0,2.7726,-55.0,-70.0,2002/01/00
3,0,9.99987840004,False,0.0,2.8369,-55.0,-60.0,2002/01/00
3,0,9.99987840004,False,0.0,2.9391,-55.0,-50.0,2002/01/00
3,0,9.99987840004,False,0.0,3.0637,-55.0,-40.0,2002/01/00
3,0,9.99987840004,False,0.0,3.1794,-55.0,-30.0,2002/01/00
3,0,9.99987840004,False,0.0,3.2627,-55.0,-20.0,2002/01/00
3,0,9.99987840004,False,0.0,3.3333,-55.0,-10.0,2002/01/00
3,0,9.99987840004,False,0.0,3.3882,-55.0,0.0,2002/01/00
3,0,9.99987840004,False,0.0,3.4136,-55.0,10.0,2002/01/00
3,0,9.99987840004,False,0.0,3.4331,-55.0,20.0,2002/01/00
3,0,9.99987840004,False,0.0,3.4449,-55.0,30.0,2002/01/00
3,0,9.99987840004,False,0.0,3.4542,-55.0,40.0,2002/01/00
3,0,9.99987840004,False,0.0,3.461,-55.0,50.0,2002/01/00
3,0,9.99987840004,False,0.0,3.4627,-55.0,60.0,2002/01/00
3,0,9.99987840004,False,0.0,3.4629,-55.0,70.0,2002/01/00
3,0,9.99987840004,False,0.0,3.4629,-55.0,80.0,2002/01/00
3,0,9.99987840004,False,0.0,3.4629,-55.0,90.0,2002/01/00
3,0,9.99987840004,False,0.0,3.4629,-55.0,100.0,2002/01/00
3,0,9.99987840004,False,0.0,3.4629,-55.0,110.0,2002/01/00
3,0,9.99987840004,False,0.0,3.4629,-55.0,120.0,2002/01/00
3,0,9.99987840004,False,0.0,3.4629,-55.0,130.0,2002/01/00
3,0,9.99987840004,False,0.0,3.4629,-55.0,140.0,2002/01/00
3,0,9.99987840004,False,0.0,3.4629,-55.0,150.0,2002/01/00
3,0,9.99987840004,False,0.0,3.4629,-55.0,160.0,2002/01/00
3,0,9.99987840004,False,0.0,3.4628,-55.0,170.0,2002/01/00
3,0,9.99987840004,False,0.0,3.4273,-50.0,-179.99999,2002/01/00
3,0,9.99987840004,False,0.0,3.3757,-50.0,-170.0,2002/01/00
3,0,9.99987840004,False,0.0,3.2997,-50.0,-160.0,2002/01/00
3,0,9.99987840004,False,0.0,3.1925,-50.0,-150.0,2002/01/00
3,0,9.99987840004,False,0.0,3.0774,-50.0,-140.0,2002/01/00
3,0,9.99987840004,False,0.0,2.9304,-50.0,-130.0,2002/01/00
3,0,9.99987840004,False,0.0,2.7894,-50.0,-120.0,2002/01/00
3,0,9.99987840004,False,0.0,2.6499,-50.0,-110.0,2002/01/00
3,0,9.99987840004,False,0.0,2.5098,-50.0,-100.0,2002/01/00
3,0,9.99987840004,False,0.0,2.3638,-50.0,-90.0,2002/01/00
3,0,9.99987840004,False,0.0,2.3237,-50.0,-80.0,2002/01/00
3,0,9.99987840004,False,0.0,2.3911,-50.0,-70.0,2002/01/00
3,0,9.99987840004,False,0.0,2.5172,-50.0,-60.0,2002/01/00
3,0,9.99987840004,False,0.0,2.6866,-50.0,-50.0,2002/01/00
3,0,9.99987840004,False,0.0,2.8549,-50.0,-40.0,2002/01/00
3,0,9.99987840004,False,0.0,3.006,-50.0,-30.0,2002/01/00
3,0,9.99987840004,False,0.0,3.1297,-50.0,-20.0,2002/01/00
3,0,9.99987840004,False,0.0,3.2252,-50.0,-10.0,2002/01/00
3,0,9.99987840004,False,0.0,3.2915,-50.0,0.0,2002/01/00
3,0,9.99987840004,False,0.0,3.3399,-50.0,10.0,2002/01/00
3,0,9.99987840004,False,0.0,3.3689,-50.0,20.0,2002/01/00
3,0,9.99987840004,False,0.0,3.391,-50.0,30.0,2002/01/00
3,0,9.99987840004,False,0.0,3.4159,-50.0,40.0,2002/01/00
3,0,9.99987840004,False,0.0,3.4366,-50.0,50.0,2002/01/00
3,0,9.99987840004,False,0.0,3.45,-50.0,60.0,2002/01/00
3,0,9.99987840004,False,0.0,3.4599,-50.0,70.0,2002/01/00
3,0,9.99987840004,False,0.0,3.4624,-50.0,80.0,2002/01/00
3,0,9.99987840004,False,0.0,3.4628,-50.0,90.0,2002/01/00
3,0,9.99987840004,False,0.0,3.4629,-50.0,100.0,2002/01/00
3,0,9.99987840004,False,0.0,3.4629,-50.0,110.0,2002/01/00
3,0,9.99987840004,False,0.0,3.4629,-50.0,120.0,2002/01/00
3,0,9.99987840004,False,0.0,3.4629,-50.0,130.0,2002/01/00
3,0,9.99987840004,False,0.0,3.4628,-50.0,140.0,2002/01/00
3,0,9.99987840004,False,0.0,3.4626,-50.0,150.0,2002/01/00
3,0,9.99987840004,False,0.0,3.4604,-50.0,160.0,2002/01/00
3,0,9.99987840004,False,0.0,3.4513,-50.0,170.0,2002/01/00
3,0,9.99987840004,False,0.0,3.2511,-45.0,-179.99999,2002/01/00
3,0,9.99987840004,False,0.0,3.1514,-45.0,-170.0,2002/01/00
3,0,9.99987840004,False,0.0,3.022,-45.0,-160.0,2002/01/00
3,0,9.99987840004,False,0.0,2.8832,-45.0,-150.0,2002/01/00
3,0,9.99987840004,False,0.0,2.7811,-45.0,-140.0,2002/01/00
3,0,9.99987840004,False,0.0,2.641,-45.0,-130.0,2002/01/00
3,0,9.99987840004,False,0.0,2.466,-45.0,-120.0,2002/01/00
3,0,9.99987840004,False,0.0,2.2254,-45.0,-110.0,2002/01/00
3,0,9.99987840004,False,0.0,2.1045,-45.0,-100.0,2002/01/00
3,0,9.99987840004,False,0.0,2.0456,-45.0,-90.0,2002/01/00
3,0,9.99987840004,False,0.0,2.0797,-45.0,-80.0,2002/01/00
3,0,9.99987840004,False,0.0,2.1624,-45.0,-70.0,2002/01/00
3,0,9.99987840004,False,0.0,2.2675,-45.0,-60.0,2002/01/00
3,0,9.99987840004,False,0.0,2.3974,-45.0,-50.0,2002/01/00
3,0,9.99987840004,False,0.0,2.5923,-45.0,-40.0,2002/01/00
3,0,9.99987840004,False,0.0,2.8085,-45.0,-30.0,2002/01/00
3,0,9.99987840004,False,0.0,2.9556,-45.0,-20.0,2002/01/00
3,0,9.99987840004,False,0.0,3.0845,-45.0,-10.0,2002/01/00
3,0,9.99987840004,False,0.0,3.1481,-45.0,0.0,2002/01/00
3,0,9.99987840004,False,0.0,3.2098,-45.0,10.0,2002/01/00
3,0,9.99987840004,False,0.0,3.2377,-45.0,20.0,2002/01/00
3,0,9.99987840004,False,0.0,3.2818,-45.0,30.0,2002/01/00
3,0,9.99987840004,False,0.0,3.3023,-45.0,40.0,2002/01/00
3,0,9.99987840004,False,0.0,3.3318,-45.0,50.0,2002/01/00
3,0,9.99987840004,False,0.0,3.3862,-45.0,60.0,2002/01/00
3,0,9.99987840004,False,0.0,3.4145,-45.0,70.0,2002/01/00
3,0,9.99987840004,False,0.0,3.4409,-45.0,80.0,2002/01/00
3,0,9.99987840004,False,0.0,3.4517,-45.0,90.0,2002/01/00
3,0,9.99987840004,False,0.0,3.4552,-45.0,100.0,2002/01/00
3,0,9.99987840004,False,0.0,3.4583,-45.0,110.0,2002/01/00
3,0,9.99987840004,False,0.0,3.4585,-45.0,120.0,2002/01/00
3,0,9.99987840004,False,0.0,3.4546,-45.0,130.0,2002/01/00
3,0,9.99987840004,False,0.0,3.4492,-45.0,140.0,2002/01/00
3,0,9.99987840004,False,0.0,3.4361,-45.0,150.0,2002/01/00
3,0,9.99987840004,False,0.0,3.4028,-45.0,160.0,2002/01/00
3,0,9.99987840004,False,0.0,3.3486,-45.0,170.0,2002/01/00
3,0,9.99987840004,False,0.0,2.9054,-40.0,-179.99999,2002/01/00
3,0,9.99987840004,False,0.0,2.7769,-40.0,-170.0,2002/01/00
3,0,9.99987840004,False,0.0,2.7179,-40.0,-160.0,2002/01/00
3,0,9.99987840004,False,0.0,2.5841,-40.0,-150.0,2002/01/00
3,0,9.99987840004,False,0.0,2.4498,-40.0,-140.0,2002/01/00
3,0,9.99987840004,False,0.0,2.2367,-40.0,-130.0,2002/01/00
3,0,9.99987840004,False,0.0,2.0994,-40.0,-120.0,2002/01/00
3,0,9.99987840004,False,0.0,1.9343,-40.0,-110.0,2002/01/00
3,0,9.99987840004,False,0.0,1.8476,-40.0,-100.0,2002/01/00
3,0,9.99987840004,False,0.0,1.88,-40.0,-90.0,2002/01/00
3,0,9.99987840004,False,0.0,1.9345,-40.0,-80.0,2002/01/00
3,0,9.99987840004,False,0.0,2.0277,-40.0,-70.0,2002/01/00
3,0,9.99987840004,False,0.0,2.1501,-40.0,-60.0,2002/01/00
3,0,9.99987840004,False,0.0,2.3116,-40.0,-50.0,2002/01/00
3,0,9.99987840004,False,0.0,2.4288,-40.0,-40.0,2002/01/00
3,0,9.99987840004,False,0.0,2.5706,-40.0,-30.0,2002/01/00
3,0,9.99987840004,False,0.0,2.7532,-40.0,-20.0,2002/01/00
3,0,9.99987840004,False,0.0,2.8906,-40.0,-10.0,2002/01/00
3,0,9.99987840004,False,0.0,2.9819,-40.0,0.0,2002/01/00
3,0,9.99987840004,False,0.0,3.0456,-40.0,10.0,2002/01/00
3,0,9.99987840004,False,0.0,3.0541,-40.0,20.0,2002/01/00
3,0,9.99987840004,False,0.0,3.0606,-40.0,30.0,2002/01/00
3,0,9.99987840004,False,0.0,3.0903,-40.0,40.0,2002/01/00
3,0,9.99987840004,False,0.0,3.134,-40.0,50.0,2002/01/00
3,0,9.99987840004,False,0.0,3.1906,-40.0,60.0,2002/01/00
3,0,9.99987840004,False,0.0,3.2534,-40.0,70.0,2002/01/00
3,0,9.99987840004,False,0.0,3.304,-40.0,80.0,2002/01/00
3,0,9.99987840004,False,0.0,3.3513,-40.0,90.0,2002/01/00
3,0,9.99987840004,False,0.0,3.3663,-40.0,100.0,2002/01/00
3,0,9.99987840004,False,0.0,3.3682,-40.0,110.0,2002/01/00
3,0,9.99987840004,False,0.0,3.363,-40.0,120.0,2002/01/00
3,0,9.99987840004,False,0.0,3.3424,-40.0,130.0,2002/01/00
3,0,9.99987840004,False,0.0,3.3118,-40.0,140.0,2002/01/00
3,0,9.99987840004,False,0.0,3.2525,-40.0,150.0,2002/01/00
3,0,9.99987840004,False,0.0,3.1677,-40.0,160.0,2002/01/00
3,0,9.99987840004,False,0.0,3.058,-40.0,170.0,2002/01/00
3,0,9.99987840004,False,0.0,2.5711,-35.0,-179.99999,2002/01/00
3,0,9.99987840004,False,0.0,2.4527,-35.0,-170.0,2002/01/00
3,0,9.99987840004,False,0.0,2.3174,-35.0,-160.0,2002/01/00
3,0,9.99987840004,False,0.0,2.1458,-35.0,-150.0,2002/01/00
3,0,9.99987840004,False,0.0,2.0273,-35.0,-140.0,2002/01/00
3,0,9.99987840004,False,0.0,2.0383,-35.0,-130.0,2002/01/00
3,0,9.99987840004,False,0.0,1.8245,-35.0,-120.0,2002/01/00
3,0,9.99987840004,False,0.0,1.7144,-35.0,-110.0,2002/01/00
3,0,9.99987840004,False,0.0,1.7072,-35.0,-100.0,2002/01/00
3,0,9.99987840004,False,0.0,1.7296,-35.0,-90.0,2002/01/00
3,0,9.99987840004,False,0.0,1.788,-35.0,-80.0,2002/01/00
3,0,9.99987840004,False,0.0,1.8687,-35.0,-70.0,2002/01/00
3,0,9.99987840004,False,0.0,1.9869,-35.0,-60.0,2002/01/00
3,0,9.99987840004,False,0.0,2.1214,-35.0,-50.0,2002/01/00
3,0,9.99987840004,False,0.0,2.3052,-35.0,-40.0,2002/01/00
3,0,9.99987840004,False,0.0,2.4092,-35.0,-30.0,2002/01/00
3,0,9.99987840004,False,0.0,2.5563,-35.0,-20.0,2002/01/00
3,0,9.99987840004,False,0.0,2.6951,-35.0,-10.0,2002/01/00
3,0,9.99987840004,False,0.0,2.7807,-35.0,0.0,2002/01/00
3,0,9.99987840004,False,0.0,2.8194,-35.0,10.0,2002/01/00
3,0,9.99987840004,False,0.0,2.8411,-35.0,20.0,2002/01/00
3,0,9.99987840004,False,0.0,2.8381,-35.0,30.0,2002/01/00
3,0,9.99987840004,False,0.0,2.8203,-35.0,40.0,2002/01/00
3,0,9.99987840004,False,0.0,2.8507,-35.0,50.0,2002/01/00
3,0,9.99987840004,False,0.0,2.8827,-35.0,60.0,2002/01/00
3,0,9.99987840004,False,0.0,2.919,-35.0,70.0,2002/01/00
3,0,9.99987840004,False,0.0,2.9932,-35.0,80.0,2002/01/00
3,0,9.99987840004,False,0.0,3.0465,-35.0,90.0,2002/01/00
3,0,9.99987840004,False,0.0,3.0624,-35.0,100.0,2002/01/00
3,0,9.99987840004,False,0.0,3.0664,-35.0,110.0,2002/01/00
3,0,9.99987840004,False,0.0,3.0688,-35.0,120.0,2002/01/00
3,0,9.99987840004,False,0.0,3.0334,-35.0,130.0,2002/01/00
3,0,9.99987840004,False,0.0,2.9757,-35.0,140.0,2002/01/00
3,0,9.99987840004,False,0.0,2.8779,-35.0,150.0,2002/01/00
3,0,9.99987840004,False,0.0,2.7728,-35.0,160.0,2002/01/00
3,0,9.99987840004,False,0.0,2.6719,-35.0,170.0,2002/01/00
3,0,9.99987840004,False,0.0,2.1458,-30.0,-179.99999,2002/01/00
3,0,9.99987840004,False,0.0,2.0,-30.0,-170.0,2002/01/00
3,0,9.99987840004,False,0.0,1.8881,-30.0,-160.0,2002/01/00
3,0,9.99987840004,False,0.0,1.9789,-30.0,-150.0,2002/01/00
3,0,9.99987840004,False,0.0,1.7994,-30.0,-140.0,2002/01/00
3,0,9.99987840004,False,0.0,1.6493,-30.0,-130.0,2002/01/00
3,0,9.99987840004,False,0.0,1.6285,-30.0,-120.0,2002/01/00
3,0,9.99987840004,False,0.0,1.6221,-30.0,-110.0,2002/01/00
3,0,9.99987840004,False,0.0,1.6293,-30.0,-100.0,2002/01/00
3,0,9.99987840004,False,0.0,1.6496,-30.0,-90.0,2002/01/00
3,0,9.99987840004,False,0.0,1.6901,-30.0,-80.0,2002/01/00
3,0,9.99987840004,False,0.0,1.7463,-30.0,-70.0,2002/01/00
3,0,9.99987840004,False,0.0,1.83,-30.0,-60.0,2002/01/00
3,0,9.99987840004,False,0.0,1.9559,-30.0,-50.0,2002/01/00
3,0,9.99987840004,False,0.0,2.0999,-30.0,-40.0,2002/01/00
3,0,9.99987840004,False,0.0,2.2618,-30.0,-30.0,2002/01/00
3,0,9.99987840004,False,0.0,2.3791,-30.0,-20.0,2002/01/00
3,0,9.99987840004,False,0.0,2.4681,-30.0,-10.0,2002/01/00
3,0,9.99987840004,False,0.0,2.5199,-30.0,0.0,2002/01/00
3,0,9.99987840004,False,0.0,2.5336,-30.0,10.0,2002/01/00
3,0,9.99987840004,False,0.0,2.5193,-30.0,20.0,2002/01/00
3,0,9.99987840004,False,0.0,2.4857,-30.0,30.0,2002/01/00
3,0,9.99987840004,False,0.0,2.4746,-30.0,40.0,2002/01/00
3,0,9.99987840004,False,0.0,2.5016,-30.0,50.0,2002/01/00
3,0,9.99987840004,False,0.0,2.5447,-30.0,60.0,2002/01/00
3,0,9.99987840004,False,0.0,2.5756,-30.0,70.0,2002/01/00
3,0,9.99987840004,False,0.0,2.6081,-30.0,80.0,2002/01/00
3,0,9.99987840004,False,0.0,2.6252,-30.0,90.0,2002/01/00
3,0,9.99987840004,False,0.0,2.6304,-30.0,100.0,2002/01/00
3,0,9.99987840004,False,0.0,2.6343,-30.0,110.0,2002/01/00
3,0,9.99987840004,False,0.0,2.6136,-30.0,120.0,2002/01/00
3,0,9.99987840004,False,0.0,2.5944,-30.0,130.0,2002/01/00
3,0,9.99987840004,False,0.0,2.5677,-30.0,140.0,2002/01/00
3,0,9.99987840004,False,0.0,2.5042,-30.0,150.0,2002/01/00
3,0,9.99987840004,False,0.0,2.4132,-30.0,160.0,2002/01/00
3,0,9.99987840004,False,0.0,2.2908,-30.0,170.0,2002/01/00
3,0,9.99987840004,False,0.0,1.8167,-25.0,-179.99999,2002/01/00
3,0,9.99987840004,False,0.0,1.752,-25.0,-170.0,2002/01/00
3,0,9.99987840004,False,0.0,1.6626,-25.0,-160.0,2002/01/00
3,0,9.99987840004,False,0.0,1.6089,-25.0,-150.0,2002/01/00
3,0,9.99987840004,False,0.0,1.5666,-25.0,-140.0,2002/01/00
3,0,9.99987840004,False,0.0,1.555,-25.0,-130.0,2002/01/00
3,0,9.99987840004,False,0.0,1.5519,-25.0,-120.0,2002/01/00
3,0,9.99987840004,False,0.0,1.556,-25.0,-110.0,2002/01/00
3,0,9.99987840004,False,0.0,1.5699,-25.0,-100.0,2002/01/00
3,0,9.99987840004,False,0.0,1.5916,-25.0,-90.0,2002/01/00
3,0,9.99987840004,False,0.0,1.6244,-25.0,-80.0,2002/01/00
3,0,9.99987840004,False,0.0,1.6637,-25.0,-70.0,2002/01/00
3,0,9.99987840004,False,0.0,1.7186,-25.0,-60.0,2002/01/00
3,0,9.99987840004,False,0.0,1.7993,-25.0,-50.0,2002/01/00
3,0,9.99987840004,False,0.0,1.9177,-25.0,-40.0,2002/01/00
3,0,9.99987840004,False,0.0,2.0568,-25.0,-30.0,2002/01/00
3,0,9.99987840004,False,0.0,2.1766,-25.0,-20.0,2002/01/00
3,0,9.99987840004,False,0.0,2.2631,-25.0,-10.0,2002/01/00
3,0,9.99987840004,False,0.0,2.2813,-25.0,0.0,2002/01/00
3,0,9.99987840004,False,0.0,2.2702,-25.0,10.0,2002/01/00
3,0,9.99987840004,False,0.0,2.2151,-25.0,20.0,2002/01/00
3,0,9.99987840004,False,0.0,2.1612,-25.0,30.0,2002/01/00
3,0,9.99987840004,False,0.0,2.106,-25.0,40.0,2002/01/00
3,0,9.99987840004,False,0.0,2.0822,-25.0,50.0,2002/01/00
3,0,9.99987840004,False,0.0,2.0788,-25.0,60.0,2002/01/00
3,0,9.99987840004,False,0.0,2.1151,-25.0,70.0,2002/01/00
3,0,9.99987840004,False,0.0,2.1633,-25.0,80.0,2002/01/00
3,0,9.99987840004,False,0.0,2.1894,-25.0,90.0,2002/01/00
3,0,9.99987840004,False,0.0,2.1879,-25.0,100.0,2002/01/00
3,0,9.99987840004,False,0.0,2.1752,-25.0,110.0,2002/01/00
3,0,9.99987840004,False,0.0,2.1683,-25.0,120.0,2002/01/00
3,0,9.99987840004,False,0.0,2.1576,-25.0,130.0,2002/01/00
3,0,9.99987840004,False,0.0,2.1141,-25.0,140.0,2002/01/00
3,0,9.99987840004,False,0.0,2.0355,-25.0,150.0,2002/01/00
3,0,9.99987840004,False,0.0,1.9303,-25.0,160.0,2002/01/00
3,0,9.99987840004,False,0.0,1.8259,-25.0,170.0,2002/01/00
3,0,9.99987840004,False,0.0,1.5446,-20.0,-179.99999,2002/01/00
3,0,9.99987840004,False,0.0,1.5213,-20.0,-170.0,2002/01/00
3,0,9.99987840004,False,0.0,1.5067,-20.0,-160.0,2002/01/00
3,0,9.99987840004,False,0.0,1.4967,-20.0,-150.0,2002/01/00
3,0,9.99987840004,False,0.0,1.4927,-20.0,-140.0,2002/01/00
3,0,9.99987840004,False,0.0,1.493,-20.0,-130.0,2002/01/00
3,0,9.99987840004,False,0.0,1.4989,-20.0,-120.0,2002/01/00
3,0,9.99987840004,False,0.0,1.5096,-20.0,-110.0,2002/01/00
3,0,9.99987840004,False,0.0,1.5261,-20.0,-100.0,2002/01/00
3,0,9.99987840004,False,0.0,1.5504,-20.0,-90.0,2002/01/00
3,0,9.99987840004,False,0.0,1.5765,-20.0,-80.0,2002/01/00
3,0,9.99987840004,False,0.0,1.6067,-20.0,-70.0,2002/01/00
3,0,9.99987840004,False,0.0,1.6393,-20.0,-60.0,2002/01/00
3,0,9.99987840004,False,0.0,1.6821,-20.0,-50.0,2002/01/00
3,0,9.99987840004,False,0.0,1.7536,-20.0,-40.0,2002/01/00
3,0,9.99987840004,False,0.0,1.8675,-20.0,-30.0,2002/01/00
3,0,9.99987840004,False,0.0,1.9668,-20.0,-20.0,2002/01/00
3,0,9.99987840004,False,0.0,2.0365,-20.0,-10.0,2002/01/00
3,0,9.99987840004,False,0.0,2.0486,-20.0,0.0,2002/01/00
3,0,9.99987840004,False,0.0,2.0264,-20.0,10.0,2002/01/00
3,0,9.99987840004,False,0.0,1.9694,-20.0,20.0,2002/01/00
3,0,9.99987840004,False,0.0,1.9018,-20.0,30.0,2002/01/00
3,0,9.99987840004,False,0.0,1.8372,-20.0,40.0,2002/01/00
3,0,9.99987840004,False,0.0,1.7811,-20.0,50.0,2002/01/00
3,0,9.99987840004,False,0.0,1.7437,-20.0,60.0,2002/01/00
3,0,9.99987840004,False,0.0,1.7174,-20.0,70.0,2002/01/00
3,0,9.99987840004,False,0.0,1.7073,-20.0,80.0,2002/01/00
3,0,9.99987840004,False,0.0,1.6957,-20.0,90.0,2002/01/00
3,0,9.99987840004,False,0.0,1.6874,-20.0,100.0,2002/01/00
3,0,9.99987840004,False,0.0,1.6792,-20.0,110.0,2002/01/00
3,0,9.99987840004,False,0.0,1.7025,-20.0,120.0,2002/01/00
3,0,9.99987840004,False,0.0,1.7065,-20.0,130.0,2002/01/00
3,0,9.99987840004,False,0.0,1.7294,-20.0,140.0,2002/01/00
3,0,9.99987840004,False,0.0,1.7057,-20.0,150.0,2002/01/00
3,0,9.99987840004,False,0.0,1.639,-20.0,160.0,2002/01/00
3,0,9.99987840004,False,0.0,1.5755,-20.0,170.0,2002/01/00
3,0,9.99987840004,False,0.0,1.4425,-15.0,-179.99999,2002/01/00
3,0,9.99987840004,False,0.0,1.4372,-15.0,-170.0,2002/01/00
3,0,9.99987840004,False,0.0,1.4367,-15.0,-160.0,2002/01/00
3,0,9.99987840004,False,0.0,1.4389,-15.0,-150.0,2002/01/00
3,0,9.99987840004,False,0.0,1.4438,-15.0,-140.0,2002/01/00
3,0,9.99987840004,False,0.0,1.451,-15.0,-130.0,2002/01/00
3,0,9.99987840004,False,0.0,1.4617,-15.0,-120.0,2002/01/00
3,0,9.99987840004,False,0.0,1.477,-15.0,-110.0,2002/01/00
3,0,9.99987840004,False,0.0,1.4972,-15.0,-100.0,2002/01/00
3,0,9.99987840004,False,0.0,1.5205,-15.0,-90.0,2002/01/00
3,0,9.99987840004,False,0.0,1.5444,-15.0,-80.0,2002/01/00
3,0,9.99987840004,False,0.0,1.5656,-15.0,-70.0,2002/01/00
3,0,9.99987840004,False,0.0,1.5844,-15.0,-60.0,2002/01/00
3,0,9.99987840004,False,0.0,1.6098,-15.0,-50.0,2002/01/00
3,0,9.99987840004,False,0.0,1.6502,-15.0,-40.0,2002/01/00
3,0,9.99987840004,False,0.0,1.6998,-15.0,-30.0,2002/01/00
3,0,9.99987840004,False,0.0,1.7553,-15.0,-20.0,2002/01/00
3,0,9.99987840004,False,0.0,1.7995,-15.0,-10.0,2002/01/00
3,0,9.99987840004,False,0.0,1.7865,-15.0,0.0,2002/01/00
3,0,9.99987840004,False,0.0,1.7613,-15.0,10.0,2002/01/00
3,0,9.99987840004,False,0.0,1.7187,-15.0,20.0,2002/01/00
3,0,9.99987840004,False,0.0,1.6681,-15.0,30.0,2002/01/00
3,0,9.99987840004,False,0.0,1.6145,-15.0,40.0,2002/01/00
3,0,9.99987840004,False,0.0,1.5733,-15.0,50.0,2002/01/00
3,0,9.99987840004,False,0.0,1.5371,-15.0,60.0,2002/01/00
3,0,9.99987840004,False,0.0,1.5041,-15.0,70.0,2002/01/00
3,0,9.99987840004,False,0.0,1.487,-15.0,80.0,2002/01/00
3,0,9.99987840004,False,0.0,1.4745,-15.0,90.0,2002/01/00
3,0,9.99987840004,False,0.0,1.466,-15.0,100.0,2002/01/00
3,0,9.99987840004,False,0.0,1.4632,-15.0,110.0,2002/01/00
3,0,9.99987840004,False,0.0,1.468,-15.0,120.0,2002/01/00
3,0,9.99987840004,False,0.0,1.4741,-15.0,130.0,2002/01/00
3,0,9.99987840004,False,0.0,1.4747,-15.0,140.0,2002/01/00
3,0,9.99987840004,False,0.0,1.4712,-15.0,150.0,2002/01/00
3,0,9.99987840004,False,0.0,1.4611,-15.0,160.0,2002/01/00
3,0,9.99987840004,False,0.0,1.451,-15.0,170.0,2002/01/00
3,0,9.99987840004,False,0.0,1.3849,-10.0,-179.99999,2002/01/00
3,0,9.99987840004,False,0.0,1.389,-10.0,-170.0,2002/01/00
3,0,9.99987840004,False,0.0,1.3956,-10.0,-160.0,2002/01/00
3,0,9.99987840004,False,0.0,1.404,-10.0,-150.0,2002/01/00
3,0,9.99987840004,False,0.0,1.4141,-10.0,-140.0,2002/01/00
3,0,9.99987840004,False,0.0,1.4268,-10.0,-130.0,2002/01/00
3,0,9.99987840004,False,0.0,1.4415,-10.0,-120.0,2002/01/00
3,0,9.99987840004,False,0.0,1.4585,-10.0,-110.0,2002/01/00
3,0,9.99987840004,False,0.0,1.4804,-10.0,-100.0,2002/01/00
3,0,9.99987840004,False,0.0,1.505,-10.0,-90.0,2002/01/00
3,0,9.99987840004,False,0.0,1.5256,-10.0,-80.0,2002/01/00
3,0,9.99987840004,False,0.0,1.5384,-10.0,-70.0,2002/01/00
3,0,9.99987840004,False,0.0,1.5459,-10.0,-60.0,2002/01/00
3,0,9.99987840004,False,0.0,1.5567,-10.0,-50.0,2002/01/00
3,0,9.99987840004,False,0.0,1.5777,-10.0,-40.0,2002/01/00
3,0,9.99987840004,False,0.0,1.6072,-10.0,-30.0,2002/01/00
3,0,9.99987840004,False,0.0,1.634,-10.0,-20.0,2002/01/00
3,0,9.99987840004,False,0.0,1.6417,-10.0,-10.0,2002/01/00
3,0,9.99987840004,False,0.0,1.631,-10.0,0.0,2002/01/00
3,0,9.99987840004,False,0.0,1.6078,-10.0,10.0,2002/01/00
3,0,9.99987840004,False,0.0,1.5763,-10.0,20.0,2002/01/00
3,0,9.99987840004,False,0.0,1.5377,-10.0,30.0,2002/01/00
3,0,9.99987840004,False,0.0,1.495,-10.0,40.0,2002/01/00
3,0,9.99987840004,False,0.0,1.4521,-10.0,50.0,2002/01/00
3,0,9.99987840004,False,0.0,1.4178,-10.0,60.0,2002/01/00
3,0,9.99987840004,False,0.0,1.392,-10.0,70.0,2002/01/00
3,0,9.99987840004,False,0.0,1.3736,-10.0,80.0,2002/01/00
3,0,9.99987840004,False,0.0,1.3617,-10.0,90.0,2002/01/00
3,0,9.99987840004,False,0.0,1.3555,-10.0,100.0,2002/01/00
3,0,9.99987840004,False,0.0,1.356,-10.0,110.0,2002/01/00
3,0,9.99987840004,False,0.0,1.363,-10.0,120.0,2002/01/00
3,0,9.99987840004,False,0.0,1.3731,-10.0,130.0,2002/01/00
3,0,9.99987840004,False,0.0,1.3823,-10.0,140.0,2002/01/00
3,0,9.99987840004,False,0.0,1.3855,-10.0,150.0,2002/01/00
3,0,9.99987840004,False,0.0,1.3863,-10.0,160.0,2002/01/00
3,0,9.99987840004,False,0.0,1.3842,-10.0,170.0,2002/01/00
3,0,9.99987840004,False,0.0,1.3534,-5.0,-179.99999,2002/01/00
3,0,9.99987840004,False,0.0,1.3632,-5.0,-170.0,2002/01/00
3,0,9.99987840004,False,0.0,1.3748,-5.0,-160.0,2002/01/00
3,0,9.99987840004,False,0.0,1.3872,-5.0,-150.0,2002/01/00
3,0,9.99987840004,False,0.0,1.401,-5.0,-140.0,2002/01/00
3,0,9.99987840004,False,0.0,1.4158,-5.0,-130.0,2002/01/00
3,0,9.99987840004,False,0.0,1.434,-5.0,-120.0,2002/01/00
3,0,9.99987840004,False,0.0,1.4538,-5.0,-110.0,2002/01/00
3,0,9.99987840004,False,0.0,1.4786,-5.0,-100.0,2002/01/00
3,0,9.99987840004,False,0.0,1.5039,-5.0,-90.0,2002/01/00
3,0,9.99987840004,False,0.0,1.5211,-5.0,-80.0,2002/01/00
3,0,9.99987840004,False,0.0,1.5261,-5.0,-70.0,2002/01/00
3,0,9.99987840004,False,0.0,1.5219,-5.0,-60.0,2002/01/00
3,0,9.99987840004,False,0.0,1.5191,-5.0,-50.0,2002/01/00
3,0,9.99987840004,False,0.0,1.5242,-5.0,-40.0,2002/01/00
3,0,9.99987840004,False,0.0,1.5355,-5.0,-30.0,2002/01/00
3,0,9.99987840004,False,0.0,1.5444,-5.0,-20.0,2002/01/00
3,0,9.99987840004,False,0.0,1.5413,-5.0,-10.0,2002/01/00
3,0,9.99987840004,False,0.0,1.5275,-5.0,0.0,2002/01/00
3,0,9.99987840004,False,0.0,1.5054,-5.0,10.0,2002/01/00
3,0,9.99987840004,False,0.0,1.4776,-5.0,20.0,2002/01/00
3,0,9.99987840004,False,0.0,1.4451,-5.0,30.0,2002/01/00
3,0,9.99987840004,False,0.0,1.4104,-5.0,40.0,2002/01/00
3,0,9.99987840004,False,0.0,1.3751,-5.0,50.0,2002/01/00
3,0,9.99987840004,False,0.0,1.3419,-5.0,60.0,2002/01/00
3,0,9.99987840004,False,0.0,1.3176,-5.0,70.0,2002/01/00
3,0,9.99987840004,False,0.0,1.3005,-5.0,80.0,2002/01/00
3,0,9.99987840004,False,0.0,1.2902,-5.0,90.0,2002/01/00
3,0,9.99987840004,False,0.0,1.287,-5.0,100.0,2002/01/00
3,0,9.99987840004,False,0.0,1.2905,-5.0,110.0,2002/01/00
3,0,9.99987840004,False,0.0,1.2998,-5.0,120.0,2002/01/00
3,0,9.99987840004,False,0.0,1.3129,-5.0,130.0,2002/01/00
3,0,9.99987840004,False,0.0,1.3244,-5.0,140.0,2002/01/00
3,0,9.99987840004,False,0.0,1.3335,-5.0,150.0,2002/01/00
3,0,9.99987840004,False,0.0,1.3394,-5.0,160.0,2002/01/00
3,0,9.99987840004,False,0.0,1.346,-5.0,170.0,2002/01/00
3,0,9.99987840004,False,0.0,1.3416,0.0,-179.99999,2002/01/00
3,0,9.99987840004,False,0.0,1.3553,0.0,-170.0,2002/01/00
3,0,9.99987840004,False,0.0,1.3703,0.0,-160.0,2002/01/00
3,0,9.99987840004,False,0.0,1.3854,0.0,-150.0,2002/01/00
3,0,9.99987840004,False,0.0,1.4012,0.0,-140.0,2002/01/00
3,0,9.99987840004,False,0.0,1.4187,0.0,-130.0,2002/01/00
3,0,9.99987840004,False,0.0,1.4397,0.0,-120.0,2002/01/00
3,0,9.99987840004,False,0.0,1.4642,0.0,-110.0,2002/01/00
3,0,9.99987840004,False,0.0,1.493,0.0,-100.0,2002/01/00
3,0,9.99987840004,False,0.0,1.5196,0.0,-90.0,2002/01/00
3,0,9.99987840004,False,0.0,1.5331,0.0,-80.0,2002/01/00
3,0,9.99987840004,False,0.0,1.5285,0.0,-70.0,2002/01/00
3,0,9.99987840004,False,0.0,1.5122,0.0,-60.0,2002/01/00
3,0,9.99987840004,False,0.0,1.4957,0.0,-50.0,2002/01/00
3,0,9.99987840004,False,0.0,1.4871,0.0,-40.0,2002/01/00
3,0,9.99987840004,False,0.0,1.4848,0.0,-30.0,2002/01/00
3,0,9.99987840004,False,0.0,1.4813,0.0,-20.0,2002/01/00
3,0,9.99987840004,False,0.0,1.4706,0.0,-10.0,2002/01/00
3,0,9.99987840004,False,0.0,1.453,0.0,0.0,2002/01/00
3,0,9.99987840004,False,0.0,1.4313,0.0,10.0,2002/01/00
3,0,9.99987840004,False,0.0,1.4071,0.0,20.0,2002/01/00
3,0,9.99987840004,False,0.0,1.3814,0.0,30.0,2002/01/00
3,0,9.99987840004,False,0.0,1.3519,0.0,40.0,2002/01/00
3,0,9.99987840004,False,0.0,1.322,0.0,50.0,2002/01/00
3,0,9.99987840004,False,0.0,1.2943,0.0,60.0,2002/01/00
3,0,9.99987840004,False,0.0,1.2718,0.0,70.0,2002/01/00
3,0,9.99987840004,False,0.0,1.2551,0.0,80.0,2002/01/00
3,0,9.99987840004,False,0.0,1.246,0.0,90.0,2002/01/00
3,0,9.99987840004,False,0.0,1.2443,0.0,100.0,2002/01/00
3,0,9.99987840004,False,0.0,1.2509,0.0,110.0,2002/01/00
3,0,9.99987840004,False,0.0,1.2633,0.0,120.0,2002/01/00
3,0,9.99987840004,False,0.0,1.2782,0.0,130.0,2002/01/00
3,0,9.99987840004,False,0.0,1.2936,0.0,140.0,2002/01/00
3,0,9.99987840004,False,0.0,1.3074,0.0,150.0,2002/01/00
3,0,9.99987840004,False,0.0,1.3198,0.0,160.0,2002/01/00
3,0,9.99987840004,False,0.0,1.3305,0.0,170.0,2002/01/00
3,0,9.99987840004,False,0.0,1.3473,5.0,-179.99999,2002/01/00
3,0,9.99987840004,False,0.0,1.3642,5.0,-170.0,2002/01/00
3,0,9.99987840004,False,0.0,1.3806,5.0,-160.0,2002/01/00
3,0,9.99987840004,False,0.0,1.3977,5.0,-150.0,2002/01/00
3,0,9.99987840004,False,0.0,1.4157,5.0,-140.0,2002/01/00
3,0,9.99987840004,False,0.0,1.4374,5.0,-130.0,2002/01/00
3,0,9.99987840004,False,0.0,1.461,5.0,-120.0,2002/01/00
3,0,9.99987840004,False,0.0,1.4972,5.0,-110.0,2002/01/00
3,0,9.99987840004,False,0.0,1.5383,5.0,-100.0,2002/01/00
3,0,9.99987840004,False,0.0,1.5669,5.0,-90.0,2002/01/00
3,0,9.99987840004,False,0.0,1.5701,5.0,-80.0,2002/01/00
3,0,9.99987840004,False,0.0,1.55,5.0,-70.0,2002/01/00
2,0,9.000134400036,False,,1.1742,5.0,-60.0,2002/01/00
2,0,9.000134400036,False,,1.1506,5.0,-50.0,2002/01/00
2,0,9.000134400036,False,,1.1328,5.0,-40.0,2002/01/00
2,0,9.000134400036,False,,1.1218,5.0,-30.0,2002/01/00
2,0,9.000134400036,False,,1.1125,5.0,-20.0,2002/01/00
2,0,9.000134400036,False,,1.1003,5.0,-10.0,2002/01/00
2,0,9.000134400036,False,,1.0852,5.0,0.0,2002/01/00
2,0,9.000134400036,False,,1.0689,5.0,10.0,2002/01/00
2,0,9.000134400036,False,,1.0516,5.0,20.0,2002/01/00
2,0,9.000134400036,False,,1.0336,5.0,30.0,2002/01/00
2,0,9.000134400036,False,,1.0157,5.0,40.0,2002/01/00
2,0,9.000134400036,False,,0.9965,5.0,50.0,2002/01/00
2,0,9.000134400036,False,,0.97722,5.0,60.0,2002/01/00
2,0,9.000134400036,False,,0.9603,5.0,70.0,2002/01/00
2,0,9.000134400036,False,,0.94731,5.0,80.0,2002/01/00
2,0,9.000134400036,False,,0.94106,5.0,90.0,2002/01/00
2,0,9.000134400036,False,,0.94127,5.0,100.0,2002/01/00
2,0,9.000134400036,False,,0.94725,5.0,110.0,2002/01/00
2,0,9.000134400036,False,,0.95851,5.0,120.0,2002/01/00
2,0,9.000134400036,False,,0.97256,5.0,130.0,2002/01/00
2,0,9.000134400036,False,,0.9871,5.0,140.0,2002/01/00
2,0,9.000134400036,False,,1.0011,5.0,150.0,2002/01/00
2,0,9.000134400036,False,,1.0148,5.0,160.0,2002/01/00
2,0,9.000134400036,False,,1.0269,5.0,170.0,2002/01/00
2,0,9.000134400036,False,,1.0553,10.0,-179.99999,2002/01/00
2,0,9.000134400036,False,,1.0707,10.0,-170.0,2002/01/00
2,0,9.000134400036,False,,1.0851,10.0,-160.0,2002/01/00
2,0,9.000134400036,False,,1.1003,10.0,-150.0,2002/01/00
2,0,9.000134400036,False,,1.1169,10.0,-140.0,2002/01/00
2,0,9.000134400036,False,,1.1377,10.0,-130.0,2002/01/00
2,0,9.000134400036,False,,1.1674,10.0,-120.0,2002/01/00
2,0,9.000134400036,False,,1.2096,10.0,-110.0,2002/01/00
2,0,9.000134400036,False,,1.2567,10.0,-100.0,2002/01/00
2,0,9.000134400036,False,,1.2942,10.0,-90.0,2002/01/00
2,0,9.000134400036,False,,1.2872,10.0,-80.0,2002/01/00
2,0,9.000134400036,False,,1.2364,10.0,-70.0,2002/01/00
2,0,9.000134400036,False,,1.1955,10.0,-60.0,2002/01/00
2,0,9.000134400036,False,,1.1603,10.0,-50.0,2002/01/00
2,0,9.000134400036,False,,1.1314,10.0,-40.0,2002/01/00
2,0,9.000134400036,False,,1.113,10.0,-30.0,2002/01/00
2,0,9.000134400036,False,,1.0972,10.0,-20.0,2002/01/00
2,0,9.000134400036,False,,1.0825,10.0,-10.0,2002/01/00
2,0,9.000134400036,False,,1.0667,10.0,0.0,2002/01/00
2,0,9.000134400036,False,,1.0509,10.0,10.0,2002/01/00
2,0,9.000134400036,False,,1.0352,10.0,20.0,2002/01/00
2,0,9.000134400036,False,,1.0214,10.0,30.0,2002/01/00
2,0,9.000134400036,False,,1.0063,10.0,40.0,2002/01/00
2,0,9.000134400036,False,,0.98979,10.0,50.0,2002/01/00
2,0,9.000134400036,False,,0.97221,10.0,60.0,2002/01/00
2,0,9.000134400036,False,,0.9562,10.0,70.0,2002/01/00
2,0,9.000134400036,False,,0.94376,10.0,80.0,2002/01/00
2,0,9.000134400036,False,,0.93815,10.0,90.0,2002/01/00
2,0,9.000134400036,False,,0.93872,10.0,100.0,2002/01/00
2,0,9.000134400036,False,,0.94496,10.0,110.0,2002/01/00
2,0,9.000134400036,False,,0.95662,10.0,120.0,2002/01/00
2,0,9.000134400036,False,,0.9719,10.0,130.0,2002/01/00
2,0,9.000134400036,False,,0.98841,10.0,140.0,2002/01/00
2,0,9.000134400036,False,,1.0054,10.0,150.0,2002/01/00
2,0,9.000134400036,False,,1.0223,10.0,160.0,2002/01/00
2,0,9.000134400036,False,,1.0384,10.0,170.0,2002/01/00
2,0,9.000134400036,False,,1.0807,15.0,-179.99999,2002/01/00
2,0,9.000134400036,False,,1.0986,15.0,-170.0,2002/01/00
2,0,9.000134400036,False,,1.1156,15.0,-160.0,2002/01/00
2,0,9.000134400036,False,,1.1337,15.0,-150.0,2002/01/00
2,0,9.000134400036,False,,1.1559,15.0,-140.0,2002/01/00
2,0,9.000134400036,False,,1.1839,15.0,-130.0,2002/01/00
2,0,9.000134400036,False,,1.2275,15.0,-120.0,2002/01/00
2,0,9.000134400036,False,,1.3001,15.0,-110.0,2002/01/00
2,0,9.000134400036,False,,1.4025,15.0,-100.0,2002/01/00
2,0,9.000134400036,False,,1.5078,15.0,-90.0,2002/01/00
2,0,9.000134400036,False,,1.4879,15.0,-80.0,2002/01/00
2,0,9.000134400036,False,,1.342,15.0,-70.0,2002/01/00
2,0,9.000134400036,False,,1.2407,15.0,-60.0,2002/01/00
2,0,9.000134400036,False,,1.1869,15.0,-50.0,2002/01/00
2,0,9.000134400036,False,,1.1486,15.0,-40.0,2002/01/00
2,0,9.000134400036,False,,1.1205,15.0,-30.0,2002/01/00
2,0,9.000134400036,False,,1.1001,15.0,-20.0,2002/01/00
2,0,9.000134400036,False,,1.0832,15.0,-10.0,2002/01/00
2,0,9.000134400036,False,,1.0675,15.0,0.0,2002/01/00
2,0,9.000134400036,False,,1.0529,15.0,10.0,2002/01/00
2,0,9.000134400036,False,,1.0393,15.0,20.0,2002/01/00
2,0,9.000134400036,False,,1.0272,15.0,30.0,2002/01/00
2,0,9.000134400036,False,,1.0149,15.0,40.0,2002/01/00
2,0,9.000134400036,False,,0.99956,15.0,50.0,2002/01/00
2,0,9.000134400036,False,,0.98355,15.0,60.0,2002/01/00
2,0,9.000134400036,False,,0.96812,15.0,70.0,2002/01/00
2,0,9.000134400036,False,,0.95629,15.0,80.0,2002/01/00
2,0,9.000134400036,False,,0.94979,15.0,90.0,2002/01/00
2,0,9.000134400036,False,,0.95038,15.0,100.0,2002/01/00
2,0,9.000134400036,False,,0.95703,15.0,110.0,2002/01/00
2,0,9.000134400036,False,,0.96821,15.0,120.0,2002/01/00
2,0,9.000134400036,False,,0.98307,15.0,130.0,2002/01/00
2,0,9.000134400036,False,,1.0006,15.0,140.0,2002/01/00
2,0,9.000134400036,False,,1.0201,15.0,150.0,2002/01/00
2,0,9.000134400036,False,,1.0404,15.0,160.0,2002/01/00
2,0,9.000134400036,False,,1.0612,15.0,170.0,2002/01/00
2,0,9.000134400036,False,,1.1162,20.0,-179.99999,2002/01/00
2,0,9.000134400036,False,,1.138,20.0,-170.0,2002/01/00
2,0,9.000134400036,False,,1.1601,20.0,-160.0,2002/01/00
2,0,9.000134400036,False,,1.1835,20.0,-150.0,2002/01/00
2,0,9.000134400036,False,,1.2129,20.0,-140.0,2002/01/00
2,0,9.000134400036,False,,1.2507,20.0,-130.0,2002/01/00
2,0,9.000134400036,False,,1.3129,20.0,-120.0,2002/01/00
2,0,9.000134400036,False,,1.4549,20.0,-110.0,2002/01/00
2,0,9.000134400036,False,,1.633,20.0,-100.0,2002/01/00
2,0,9.000134400036,False,,1.7062,20.0,-90.0,2002/01/00
2,0,9.000134400036,False,,1.7601,20.0,-80.0,2002/01/00
2,0,9.000134400036,False,,1.618,20.0,-70.0,2002/01/00
2,0,9.000134400036,False,,1.3739,20.0,-60.0,2002/01/00
2,0,9.000134400036,False,,1.2385,20.0,-50.0,2002/01/00
2,0,9.000134400036,False,,1.1859,20.0,-40.0,2002/01/00
2,0,9.000134400036,False,,1.1496,20.0,-30.0,2002/01/00
2,0,9.000134400036,False,,1.1229,20.0,-20.0,2002/01/00
2,0,9.000134400036,False,,1.1043,20.0,-10.0,2002/01/00
2,0,9.000134400036,False,,1.0888,20.0,0.0,2002/01/00
2,0,9.000134400036,False,,1.0763,20.0,10.0,2002/01/00
2,0,9.000134400036,False,,1.0648,20.0,20.0,2002/01/00
2,0,9.000134400036,False,,1.0548,20.0,30.0,2002/01/00
2,0,9.000134400036,False,,1.0427,20.0,40.0,2002/01/00
2,0,9.000134400036,False,,1.0279,20.0,50.0,2002/01/00
2,0,9.000134400036,False,,1.0121,20.0,60.0,2002/01/00
2,0,9.000134400036,False,,0.9971,20.0,70.0,2002/01/00
2,0,9.000134400036,False,,0.98504,20.0,80.0,2002/01/00
2,0,9.000134400036,False,,0.97856,20.0,90.0,2002/01/00
2,0,9.000134400036,False,,0.97815,20.0,100.0,2002/01/00
2,0,9.000134400036,False,,0.98316,20.0,110.0,2002/01/00
2,0,9.000134400036,False,,0.9926,20.0,120.0,2002/01/00
2,0,9.000134400036,False,,1.0065,20.0,130.0,2002/01/00
2,0,9.000134400036,False,,1.0245,20.0,140.0,2002/01/00
2,0,9.000134400036,False,,1.046,20.0,150.0,2002/01/00
2,0,9.000134400036,False,,1.0698,20.0,160.0,2002/01/00
2,0,9.000134400036,False,,1.0932,20.0,170.0,2002/01/00
2,0,9.000134400036,False,,1.1662,25.0,-179.99999,2002/01/00
2,0,9.000134400036,False,,1.1937,25.0,-170.0,2002/01/00
2,0,9.000134400036,False,,1.2218,25.0,-160.0,2002/01/00
2,0,9.000134400036,False,,1.2539,25.0,-150.0,2002/01/00
2,0,9.000134400036,False,,1.2985,25.0,-140.0,2002/01/00
2,0,9.000134400036,False,,1.3628,25.0,-130.0,2002/01/00
2,0,9.000134400036,False,,1.4765,25.0,-120.0,2002/01/00
2,0,9.000134400036,False,,1.6237,25.0,-110.0,2002/01/00
2,0,9.000134400036,False,,1.7853,25.0,-100.0,2002/01/00
2,0,9.000134400036,False,,1.9067,25.0,-90.0,2002/01/00
2,0,9.000134400036,False,,1.9214,25.0,-80.0,2002/01/00
2,0,9.000134400036,False,,1.8106,25.0,-70.0,2002/01/00
2,0,9.000134400036,False,,1.5839,25.0,-60.0,2002/01/00
2,0,9.000134400036,False,,1.3603,25.0,-50.0,2002/01/00
2,0,9.000134400036,False,,1.2591,25.0,-40.0,2002/01/00
2,0,9.000134400036,False,,1.2085,25.0,-30.0,2002/01/00
2,0,9.000134400036,False,,1.176,25.0,-20.0,2002/01/00
2,0,9.000134400036,False,,1.1547,25.0,-10.0,2002/01/00
2,0,9.000134400036,False,,1.1389,25.0,0.0,2002/01/00
2,0,9.000134400036,False,,1.1264,25.0,10.0,2002/01/00
2,0,9.000134400036,False,,1.1166,25.0,20.0,2002/01/00
2,0,9.000134400036,False,,1.1062,25.0,30.0,2002/01/00
2,0,9.000134400036,False,,1.0953,25.0,40.0,2002/01/00
2,0,9.000134400036,False,,1.0814,25.0,50.0,2002/01/00
2,0,9.000134400036,False,,1.0642,25.0,60.0,2002/01/00
2,0,9.000134400036,False,,1.0467,25.0,70.0,2002/01/00
2,0,9.000134400036,False,,1.0331,25.0,80.0,2002/01/00
2,0,9.000134400036,False,,1.0256,25.0,90.0,2002/01/00
2,0,9.000134400036,False,,1.0235,25.0,100.0,2002/01/00
2,0,9.000134400036,False,,1.0265,25.0,110.0,2002/01/00
2,0,9.000134400036,False,,1.0331,25.0,120.0,2002/01/00
2,0,9.000134400036,False,,1.0457,25.0,130.0,2002/01/00
2,0,9.000134400036,False,,1.0638,25.0,140.0,2002/01/00
2,0,9.000134400036,False,,1.085,25.0,150.0,2002/01/00
2,0,9.000134400036,False,,1.1102,25.0,160.0,2002/01/00
2,0,9.000134400036,False,,1.1369,25.0,170.0,2002/01/00
2,0,9.000134400036,False,,1.2512,30.0,-179.99999,2002/01/00
2,0,9.000134400036,False,,1.3068,30.0,-170.0,2002/01/00
2,0,9.000134400036,False,,1.3701,30.0,-160.0,2002/01/00
2,0,9.000134400036,False,,1.4186,30.0,-150.0,2002/01/00
2,0,9.000134400036,False,,1.4982,30.0,-140.0,2002/01/00
2,0,9.000134400036,False,,1.6184,30.0,-130.0,2002/01/00
2,0,9.000134400036,False,,1.7842,30.0,-120.0,2002/01/00
2,0,9.000134400036,False,,1.927,30.0,-110.0,2002/01/00
2,0,9.000134400036,False,,2.0678,30.0,-100.0,2002/01/00
2,0,9.000134400036,False,,2.1649,30.0,-90.0,2002/01/00
2,0,9.000134400036,False,,2.1721,30.0,-80.0,2002/01/00
2,0,9.000134400036,False,,2.0699,30.0,-70.0,2002/01/00
2,0,9.000134400036,False,,1.9034,30.0,-60.0,2002/01/00
2,0,9.000134400036,False,,1.616,30.0,-50.0,2002/01/00
2,0,9.000134400036,False,,1.4234,30.0,-40.0,2002/01/00
2,0,9.000134400036,False,,1.3208,30.0,-30.0,2002/01/00
2,0,9.000134400036,False,,1.2898,30.0,-20.0,2002/01/00
2,0,9.000134400036,False,,1.2632,30.0,-10.0,2002/01/00
2,0,9.000134400036,False,,1.2516,30.0,0.0,2002/01/00
2,0,9.000134400036,False,,1.2435,30.0,10.0,2002/01/00
2,0,9.000134400036,False,,1.239,30.0,20.0,2002/01/00
2,0,9.000134400036,False,,1.2321,30.0,30.0,2002/01/00
2,0,9.000134400036,False,,1.2152,30.0,40.0,2002/01/00
2,0,9.000134400036,False,,1.1932,30.0,50.0,2002/01/00
2,0,9.000134400036,False,,1.1712,30.0,60.0,2002/01/00
2,0,9.000134400036,False,,1.1437,30.0,70.0,2002/01/00
2,0,9.000134400036,False,,1.1206,30.0,80.0,2002/01/00
2,0,9.000134400036,False,,1.1053,30.0,90.0,2002/01/00
2,0,9.000134400036,False,,1.0989,30.0,100.0,2002/01/00
2,0,9.000134400036,False,,1.0978,30.0,110.0,2002/01/00
2,0,9.000134400036,False,,1.0999,30.0,120.0,2002/01/00
2,0,9.000134400036,False,,1.1068,30.0,130.0,2002/01/00
2,0,9.000134400036,False,,1.1207,30.0,140.0,2002/01/00
2,0,9.000134400036,False,,1.1416,30.0,150.0,2002/01/00
2,0,9.000134400036,False,,1.1705,30.0,160.0,2002/01/00
2,0,9.000134400036,False,,1.2036,30.0,170.0,2002/01/00
2,0,9.000134400036,False,,1.4514,35.0,-179.99999,2002/01/00
2,0,9.000134400036,False,,1.4577,35.0,-170.0,2002/01/00
2,0,9.000134400036,False,,1.5671,35.0,-160.0,2002/01/00
2,0,9.000134400036,False,,1.661,35.0,-150.0,2002/01/00
2,0,9.000134400036,False,,1.8087,35.0,-140.0,2002/01/00
2,0,9.000134400036,False,,1.9384,35.0,-130.0,2002/01/00
2,0,9.000134400036,False,,2.0366,35.0,-120.0,2002/01/00
2,0,9.000134400036,False,,2.1567,35.0,-110.0,2002/01/00
2,0,9.000134400036,False,,2.2713,35.0,-100.0,2002/01/00
2,0,9.000134400036,False,,2.3375,35.0,-90.0,2002/01/00
2,0,9.000134400036,False,,2.3553,35.0,-80.0,2002/01/00
2,0,9.000134400036,False,,2.2823,35.0,-70.0,2002/01/00
2,0,9.000134400036,False,,2.1501,35.0,-60.0,2002/01/00
2,0,9.000134400036,False,,1.9824,35.0,-50.0,2002/01/00
2,0,9.000134400036,False,,1.7749,35.0,-40.0,2002/01/00
2,0,9.000134400036,False,,1.5686,35.0,-30.0,2002/01/00
2,0,9.000134400036,False,,1.4713,35.0,-20.0,2002/01/00
2,0,9.000134400036,False,,1.4303,35.0,-10.0,2002/01/00
2,0,9.000134400036,False,,1.4184,35.0,0.0,2002/01/00
2,0,9.000134400036,False,,1.4177,35.0,10.0,2002/01/00
2,0,9.000134400036,False,,1.4238,35.0,20.0,2002/01/00
2,0,9.000134400036,False,,1.4111,35.0,30.0,2002/01/00
2,0,9.000134400036,False,,1.3783,35.0,40.0,2002/01/00
2,0,9.000134400036,False,,1.3426,35.0,50.0,2002/01/00
2,0,9.000134400036,False,,1.3149,35.0,60.0,2002/01/00
2,0,9.000134400036,False,,1.2989,35.0,70.0,2002/01/00
2,0,9.000134400036,False,,1.2736,35.0,80.0,2002/01/00
2,0,9.000134400036,False,,1.2861,35.0,90.0,2002/01/00
2,0,9.000134400036,False,,1.2799,35.0,100.0,2002/01/00
2,0,9.000134400036,False,,1.2669,35.0,110.0,2002/01/00
2,0,9.000134400036,False,,1.252,35.0,120.0,2002/01/00
2,0,9.000134400036,False,,1.2416,35.0,130.0,2002/01/00
2,0,9.000134400036,False,,1.2446,35.0,140.0,2002/01/00
2,0,9.000134400036,False,,1.2718,35.0,150.0,2002/01/00
2,0,9.000134400036,False,,1.3164,35.0,160.0,2002/01/00
2,0,9.000134400036,False,,1.3835,35.0,170.0,2002/01/00
2,0,9.000134400036,False,,1.6563,40.0,-179.99999,2002/01/00
2,0,9.000134400036,False,,1.7683,40.0,-170.0,2002/01/00
2,0,9.000134400036,False,,1.8821,40.0,-160.0,2002/01/00
2,0,9.000134400036,False,,1.9732,40.0,-150.0,2002/01/00
2,0,9.000134400036,False,,2.0601,40.0,-140.0,2002/01/00
2,0,9.000134400036,False,,2.1608,40.0,-130.0,2002/01/00
2,0,9.000134400036,False,,2.286,40.0,-120.0,2002/01/00
2,0,9.000134400036,False,,2.394,40.0,-110.0,2002/01/00
2,0,9.000134400036,False,,2.4652,40.0,-100.0,2002/01/00
2,0,9.000134400036,False,,2.5045,40.0,-90.0,2002/01/00
2,0,9.000134400036,False,,2.5087,40.0,-80.0,2002/01/00
2,0,9.000134400036,False,,2.4705,40.0,-70.0,2002/01/00
2,0,9.000134400036,False,,2.3863,40.0,-60.0,2002/01/00
2,0,9.000134400036,False,,2.23,40.0,-50.0,2002/01/00
2,0,9.000134400036,False,,2.0733,40.0,-40.0,2002/01/00
2,0,9.000134400036,False,,1.956,40.0,-30.0,2002/01/00
2,0,9.000134400036,False,,1.86,40.0,-20.0,2002/01/00
2,0,9.000134400036,False,,1.7709,40.0,-10.0,2002/01/00
2,0,9.000134400036,False,,1.7356,40.0,0.0,2002/01/00
2,0,9.000134400036,False,,1.7124,40.0,10.0,2002/01/00
2,0,9.000134400036,False,,1.7129,40.0,20.0,2002/01/00
2,0,9.000134400036,False,,1.7177,40.0,30.0,2002/01/00
2,0,9.000134400036,False,,1.7154,40.0,40.0,2002/01/00
2,0,9.000134400036,False,,1.6944,40.0,50.0,2002/01/00
2,0,9.000134400036,False,,1.6632,40.0,60.0,2002/01/00
2,0,9.000134400036,False,,1.6307,40.0,70.0,2002/01/00
2,0,9.000134400036,False,,1.5951,40.0,80.0,2002/01/00
2,0,9.000134400036,False,,1.5709,40.0,90.0,2002/01/00
2,0,9.000134400036,False,,1.5489,40.0,100.0,2002/01/00
2,0,9.000134400036,False,,1.5177,40.0,110.0,2002/01/00
2,0,9.000134400036,False,,1.4822,40.0,120.0,2002/01/00
2,0,9.000134400036,False,,1.4484,40.0,130.0,2002/01/00
2,0,9.000134400036,False,,1.438,40.0,140.0,2002/01/00
2,0,9.000134400036,False,,1.4557,40.0,150.0,2002/01/00
2,0,9.000134400036,False,,1.5048,40.0,160.0,2002/01/00
2,0,9.000134400036,False,,1.5714,40.0,170.0,2002/01/00
2,0,9.000134400036,False,,1.9694,45.0,-179.99999,2002/01/00
2,0,9.000134400036,False,,2.0426,45.0,-170.0,2002/01/00
2,0,9.000134400036,False,,2.1169,45.0,-160.0,2002/01/00
2,0,9.000134400036,False,,2.2044,45.0,-150.0,2002/01/00
2,0,9.000134400036,False,,2.3119,45.0,-140.0,2002/01/00
2,0,9.000134400036,False,,2.4083,45.0,-130.0,2002/01/00
2,0,9.000134400036,False,,2.4833,45.0,-120.0,2002/01/00
2,0,9.000134400036,False,,2.5354,45.0,-110.0,2002/01/00
2,0,9.000134400036,False,,2.5626,45.0,-100.0,2002/01/00
2,0,9.000134400036,False,,2.5702,45.0,-90.0,2002/01/00
2,0,9.000134400036,False,,2.5713,45.0,-80.0,2002/01/00
2,0,9.000134400036,False,,2.5648,45.0,-70.0,2002/01/00
2,0,9.000134400036,False,,2.533,45.0,-60.0,2002/01/00
2,0,9.000134400036,False,,2.4548,45.0,-50.0,2002/01/00
2,0,9.000134400036,False,,2.3649,45.0,-40.0,2002/01/00
2,0,9.000134400036,False,,2.2304,45.0,-30.0,2002/01/00
2,0,9.000134400036,False,,2.1453,45.0,-20.0,2002/01/00
2,0,9.000134400036,False,,2.0891,45.0,-10.0,2002/01/00
2,0,9.000134400036,False,,2.054,45.0,0.0,2002/01/00
2,0,9.000134400036,False,,2.0365,45.0,10.0,2002/01/00
2,0,9.000134400036,False,,2.0238,45.0,20.0,2002/01/00
2,0,9.000134400036,False,,2.0145,45.0,30.0,2002/01/00
2,0,9.000134400036,False,,2.0144,45.0,40.0,2002/01/00
2,0,9.000134400036,False,,2.0036,45.0,50.0,2002/01/00
2,0,9.000134400036,False,,1.9746,45.0,60.0,2002/01/00
2,0,9.000134400036,False,,1.9565,45.0,70.0,2002/01/00
2,0,9.000134400036,False,,1.9391,45.0,80.0,2002/01/00
2,0,9.000134400036,False,,1.9226,45.0,90.0,2002/01/00
2,0,9.000134400036,False,,1.8995,45.0,100.0,2002/01/00
2,0,9.000134400036,False,,1.8773,45.0,110.0,2002/01/00
2,0,9.000134400036,False,,1.8489,45.0,120.0,2002/01/00
2,0,9.000134400036,False,,1.8199,45.0,130.0,2002/01/00
2,0,9.000134400036,False,,1.8032,45.0,140.0,2002/01/00
2,0,9.000134400036,False,,1.8072,45.0,150.0,2002/01/00
2,0,9.000134400036,False,,1.8433,45.0,160.0,2002/01/00
2,0,9.000134400036,False,,1.9012,45.0,170.0,2002/01/00
2,0,9.000134400036,False,,2.1953,50.0,-179.99999,2002/01/00
2,0,9.000134400036,False,,2.2789,50.0,-170.0,2002/01/00
2,0,9.000134400036,False,,2.3601,50.0,-160.0,2002/01/00
2,0,9.000134400036,False,,2.4252,50.0,-150.0,2002/01/00
2,0,9.000134400036,False,,2.495,50.0,-140.0,2002/01/00
2,0,9.000134400036,False,,2.5462,50.0,-130.0,2002/01/00
2,0,9.000134400036,False,,2.5709,50.0,-120.0,2002/01/00
2,0,9.000134400036,False,,2.5789,50.0,-110.0,2002/01/00
2,0,9.000134400036,False,,2.5809,50.0,-100.0,2002/01/00
2,0,9.000134400036,False,,2.5812,50.0,-90.0,2002/01/00
2,0,9.000134400036,False,,2.5812,50.0,-80.0,2002/01/00
2,0,9.000134400036,False,,2.5809,50.0,-70.0,2002/01/00
2,0,9.000134400036,False,,2.5785,50.0,-60.0,2002/01/00
2,0,9.000134400036,False,,2.5669,50.0,-50.0,2002/01/00
2,0,9.000134400036,False,,2.5304,50.0,-40.0,2002/01/00
2,0,9.000134400036,False,,2.4756,50.0,-30.0,2002/01/00
2,0,9.000134400036,False,,2.4226,50.0,-20.0,2002/01/00
2,0,9.000134400036,False,,2.3841,50.0,-10.0,2002/01/00
2,0,9.000134400036,False,,2.3358,50.0,0.0,2002/01/00
2,0,9.000134400036,False,,2.3119,50.0,10.0,2002/01/00
2,0,9.000134400036,False,,2.3047,50.0,20.0,2002/01/00
2,0,9.000134400036,False,,2.2825,50.0,30.0,2002/01/00
2,0,9.000134400036,False,,2.2693,50.0,40.0,2002/01/00
2,0,9.000134400036,False,,2.262,50.0,50.0,2002/01/00
2,0,9.000134400036,False,,2.2537,50.0,60.0,2002/01/00
2,0,9.000134400036,False,,2.236,50.0,70.0,2002/01/00
2,0,9.000134400036,False,,2.2187,50.0,80.0,2002/01/00
2,0,9.000134400036,False,,2.1982,50.0,90.0,2002/01/00
2,0,9.000134400036,False,,2.1868,50.0,100.0,2002/01/00
2,0,9.000134400036,False,,2.1678,50.0,110.0,2002/01/00
2,0,9.000134400036,False,,2.1382,50.0,120.0,2002/01/00
2,0,9.000134400036,False,,2.1067,50.0,130.0,2002/01/00
2,0,9.000134400036,False,,2.0853,50.0,140.0,2002/01/00
2,0,9.000134400036,False,,2.0963,50.0,150.0,2002/01/00
2,0,9.000134400036,False,,2.1172,50.0,160.0,2002/01/00
2,0,9.000134400036,False,,2.1396,50.0,170.0,2002/01/00
2,0,9.000134400036,False,,2.4262,55.0,-179.99999,2002/01/00
2,0,9.000134400036,False,,2.4833,55.0,-170.0,2002/01/00
2,0,9.000134400036,False,,2.5207,55.0,-160.0,2002/01/00
2,0,9.000134400036,False,,2.5551,55.0,-150.0,2002/01/00
2,0,9.000134400036,False,,2.5733,55.0,-140.0,2002/01/00
2,0,9.000134400036,False,,2.5802,55.0,-130.0,2002/01/00
2,0,9.000134400036,False,,2.5812,55.0,-120.0,2002/01/00
2,0,9.000134400036,False,,2.5814,55.0,-110.0,2002/01/00
2,0,9.000134400036,False,,2.5814,55.0,-100.0,2002/01/00
2,0,9.000134400036,False,,2.5814,55.0,-90.0,2002/01/00
2,0,9.000134400036,False,,2.5814,55.0,-80.0,2002/01/00
2,0,9.000134400036,False,,2.5814,55.0,-70.0,2002/01/00
2,0,9.000134400036,False,,2.5814,55.0,-60.0,2002/01/00
2,0,9.000134400036,False,,2.5812,55.0,-50.0,2002/01/00
2,0,9.000134400036,False,,2.5798,55.0,-40.0,2002/01/00
2,0,9.000134400036,False,,2.5733,55.0,-30.0,2002/01/00
2,0,9.000134400036,False,,2.5593,55.0,-20.0,2002/01/00
2,0,9.000134400036,False,,2.5411,55.0,-10.0,2002/01/00
2,0,9.000134400036,False,,2.5224,55.0,0.0,2002/01/00
2,0,9.000134400036,False,,2.5073,55.0,10.0,2002/01/00
2,0,9.000134400036,False,,2.5016,55.0,20.0,2002/01/00
2,0,9.000134400036,False,,2.4906,55.0,30.0,2002/01/00
2,0,9.000134400036,False,,2.4878,55.0,40.0,2002/01/00
2,0,9.000134400036,False,,2.4807,55.0,50.0,2002/01/00
2,0,9.000134400036,False,,2.4768,55.0,60.0,2002/01/00
2,0,9.000134400036,False,,2.4667,55.0,70.0,2002/01/00
2,0,9.000134400036,False,,2.4607,55.0,80.0,2002/01/00
2,0,9.000134400036,False,,2.4486,55.0,90.0,2002/01/00
2,0,9.000134400036,False,,2.4355,55.0,100.0,2002/01/00
2,0,9.000134400036,False,,2.4249,55.0,110.0,2002/01/00
2,0,9.000134400036,False,,2.4105,55.0,120.0,2002/01/00
2,0,9.000134400036,False,,2.3869,55.0,130.0,2002/01/00
2,0,9.000134400036,False,,2.3654,55.0,140.0,2002/01/00
2,0,9.000134400036,False,,2.3723,55.0,150.0,2002/01/00
2,0,9.000134400036,False,,2.379,55.0,160.0,2002/01/00
2,0,9.000134400036,False,,2.399,55.0,170.0,2002/01/00
2,0,9.000134400036,False,,2.5616,60.0,-179.99999,2002/01/00
2,0,9.000134400036,False,,2.5704,60.0,-170.0,2002/01/00
2,0,9.000134400036,False,,2.578,60.0,-160.0,2002/01/00
2,0,9.000134400036,False,,2.5806,60.0,-150.0,2002/01/00
2,0,9.000134400036,False,,2.5813,60.0,-140.0,2002/01/00
2,0,9.000134400036,False,,2.5814,60.0,-130.0,2002/01/00
2,0,9.000134400036,False,,2.5814,60.0,-120.0,2002/01/00
2,0,9.000134400036,False,,2.5814,60.0,-110.0,2002/01/00
2,0,9.000134400036,False,,2.5814,60.0,-100.0,2002/01/00
2,0,9.000134400036,False,,2.5814,60.0,-90.0,2002/01/00
2,0,9.000134400036,False,,2.5814,60.0,-80.0,2002/01/00
2,0,9.000134400036,False,,2.5814,60.0,-70.0,2002/01/00
2,0,9.000134400036,False,,2.5814,60.0,-60.0,2002/01/00
2,0,9.000134400036,False,,2.5814,60.0,-50.0,2002/01/00
2,0,9.000134400036,False,,2.5814,60.0,-40.0,2002/01/00
2,0,9.000134400036,False,,2.5813,60.0,-30.0,2002/01/00
2,0,9.000134400036,False,,2.5811,60.0,-20.0,2002/01/00
2,0,9.000134400036,False,,2.5803,60.0,-10.0,2002/01/00
2,0,9.000134400036,False,,2.5788,60.0,0.0,2002/01/00
2,0,9.000134400036,False,,2.5768,60.0,10.0,2002/01/00
2,0,9.000134400036,False,,2.5737,60.0,20.0,2002/01/00
2,0,9.000134400036,False,,2.5717,60.0,30.0,2002/01/00
2,0,9.000134400036,False,,2.5715,60.0,40.0,2002/01/00
2,0,9.000134400036,False,,2.5707,60.0,50.0,2002/01/00
2,0,9.000134400036,False,,2.5684,60.0,60.0,2002/01/00
2,0,9.000134400036,False,,2.5664,60.0,70.0,2002/01/00
2,0,9.000134400036,False,,2.5662,60.0,80.0,2002/01/00
2,0,9.000134400036,False,,2.5635,60.0,90.0,2002/01/00
2,0,9.000134400036,False,,2.5599,60.0,100.0,2002/01/00
2,0,9.000134400036,False,,2.5554,60.0,110.0,2002/01/00
2,0,9.000134400036,False,,2.5512,60.0,120.0,2002/01/00
2,0,9.000134400036,False,,2.5463,60.0,130.0,2002/01/00
2,0,9.000134400036,False,,2.5341,60.0,140.0,2002/01/00
2,0,9.000134400036,False,,2.5303,60.0,150.0,2002/01/00
2,0,9.000134400036,False,,2.5371,60.0,160.0,2002/01/00
2,0,9.000134400036,False,,2.5483,60.0,170.0,2002/01/00
2,0,9.000134400036,False,,2.5811,65.0,-179.99999,2002/01/00
2,0,9.000134400036,False,,2.5813,65.0,-170.0,2002/01/00
2,0,9.000134400036,False,,2.5814,65.0,-160.0,2002/01/00
2,0,9.000134400036,False,,2.5814,65.0,-150.0,2002/01/00
2,0,9.000134400036,False,,2.5814,65.0,-140.0,2002/01/00
2,0,9.000134400036,False,,2.5814,65.0,-130.0,2002/01/00
2,0,9.000134400036,False,,2.5814,65.0,-120.0,2002/01/00
2,0,9.000134400036,False,,2.5814,65.0,-110.0,2002/01/00
2,0,9.000134400036,False,,2.5814,65.0,-100.0,2002/01/00
2,0,9.000134400036,False,,2.5814,65.0,-90.0,2002/01/00
2,0,9.000134400036,False,,2.5814,65.0,-80.0,2002/01/00
2,0,9.000134400036,False,,2.5814,65.0,-70.0,2002/01/00
2,0,9.000134400036,False,,2.5814,65.0,-60.0,2002/01/00
2,0,9.000134400036,False,,2.5814,65.0,-50.0,2002/01/00
2,0,9.000134400036,False,,2.5814,65.0,-40.0,2002/01/00
2,0,9.000134400036,False,,2.5814,65.0,-30.0,2002/01/00
2,0,9.000134400036,False,,2.5814,65.0,-20.0,2002/01/00
2,0,9.000134400036,False,,2.5814,65.0,-10.0,2002/01/00
2,0,9.000134400036,False,,2.5814,65.0,0.0,2002/01/00
2,0,9.000134400036,False,,2.5813,65.0,10.0,2002/01/00
2,0,9.000134400036,False,,2.5813,65.0,20.0,2002/01/00
2,0,9.000134400036,False,,2.5813,65.0,30.0,2002/01/00
2,0,9.000134400036,False,,2.5813,65.0,40.0,2002/01/00
2,0,9.000134400036,False,,2.5812,65.0,50.0,2002/01/00
2,0,9.000134400036,False,,2.5812,65.0,60.0,2002/01/00
2,0,9.000134400036,False,,2.5811,65.0,70.0,2002/01/00
2,0,9.000134400036,False,,2.5811,65.0,80.0,2002/01/00
2,0,9.000134400036,False,,2.5811,65.0,90.0,2002/01/00
2,0,9.000134400036,False,,2.581,65.0,100.0,2002/01/00
2,0,9.000134400036,False,,2.5808,65.0,110.0,2002/01/00
2,0,9.000134400036,False,,2.5807,65.0,120.0,2002/01/00
2,0,9.000134400036,False,,2.5803,65.0,130.0,2002/01/00
2,0,9.000134400036,False,,2.5802,65.0,140.0,2002/01/00
2,0,9.000134400036,False,,2.5799,65.0,150.0,2002/01/00
2,0,9.000134400036,False,,2.5801,65.0,160.0,2002/01/00
2,0,9.000134400036,False,,2.5807,65.0,170.0,2002/01/00
2,0,9.000134400036,False,,2.5814,70.0,-179.99999,2002/01/00
2,0,9.000134400036,False,,2.5814,70.0,-170.0,2002/01/00
2,0,9.000134400036,False,,2.5814,70.0,-160.0,2002/01/00
2,0,9.000134400036,False,,2.5814,70.0,-150.0,2002/01/00
2,0,9.000134400036,False,,2.5814,70.0,-140.0,2002/01/00
2,0,9.000134400036,False,,2.5814,70.0,-130.0,2002/01/00
2,0,9.000134400036,False,,2.5814,70.0,-120.0,2002/01/00
2,0,9.000134400036,False,,2.5814,70.0,-110.0,2002/01/00
2,0,9.000134400036,False,,2.5814,70.0,-100.0,2002/01/00
2,0,9.000134400036,False,,2.5814,70.0,-90.0,2002/01/00
2,0,9.000134400036,False,,2.5814,70.0,-80.0,2002/01/00
2,0,9.000134400036,False,,2.5814,70.0,-70.0,2002/01/00
2,0,9.000134400036,False,,2.5814,70.0,-60.0,2002/01/00
2,0,9.000134400036,False,,2.5814,70.0,-50.0,2002/01/00
2,0,9.000134400036,False,,2.5814,70.0,-40.0,2002/01/00
2,0,9.000134400036,False,,2.5814,70.0,-30.0,2002/01/00
2,0,9.000134400036,False,,2.5814,70.0,-20.0,2002/01/00
2,0,9.000134400036,False,,2.5814,70.0,-10.0,2002/01/00
2,0,9.000134400036,False,,2.5814,70.0,0.0,2002/01/00
2,0,9.000134400036,False,,2.5814,70.0,10.0,2002/01/00
2,0,9.000134400036,False,,2.5814,70.0,20.0,2002/01/00
2,0,9.000134400036,False,,2.5814,70.0,30.0,2002/01/00
2,0,9.000134400036,False,,2.5814,70.0,40.0,2002/01/00
2,0,9.000134400036,False,,2.5814,70.0,50.0,2002/01/00
2,0,9.000134400036,False,,2.5814,70.0,60.0,2002/01/00
2,0,9.000134400036,False,,2.5814,70.0,70.0,2002/01/00
2,0,9.000134400036,False,,2.5814,70.0,80.0,2002/01/00
2,0,9.000134400036,False,,2.5814,70.0,90.0,2002/01/00
2,0,9.000134400036,False,,2.5814,70.0,100.0,2002/01/00
2,0,9.000134400036,False,,2.5814,70.0,110.0,2002/01/00
2,0,9.000134400036,False,,2.5814,70.0,120.0,2002/01/00
2,0,9.000134400036,False,,2.5814,70.0,130.0,2002/01/00
2,0,9.000134400036,False,,2.5814,70.0,140.0,2002/01/00
2,0,9.000134400036,False,,2.5814,70.0,150.0,2002/01/00
2,0,9.000134400036,False,,2.5814,70.0,160.0,2002/01/00
2,0,9.000134400036,False,,2.5814,70.0,170.0,2002/01/00
2,0,9.000134400036,False,,2.5814,75.0,-179.99999,2002/01/00
2,0,9.000134400036,False,,2.5814,75.0,-170.0,2002/01/00
2,0,9.000134400036,False,,2.5814,75.0,-160.0,2002/01/00
2,0,9.000134400036,False,,2.5814,75.0,-150.0,2002/01/00
2,0,9.000134400036,False,,2.5814,75.0,-140.0,2002/01/00
2,0,9.000134400036,False,,2.5814,75.0,-130.0,2002/01/00
2,0,9.000134400036,False,,2.5814,75.0,-120.0,2002/01/00
2,0,9.000134400036,False,,2.5814,75.0,-110.0,2002/01/00
2,0,9.000134400036,False,,2.5814,75.0,-100.0,2002/01/00
2,0,9.000134400036,False,,2.5814,75.0,-90.0,2002/01/00
2,0,9.000134400036,False,,2.5814,75.0,-80.0,2002/01/00
2,0,9.000134400036,False,,2.5814,75.0,-70.0,2002/01/00
2,0,9.000134400036,False,,2.5814,75.0,-60.0,2002/01/00
2,0,9.000134400036,False,,2.5814,75.0,-50.0,2002/01/00
2,0,9.000134400036,False,,2.5814,75.0,-40.0,2002/01/00
2,0,9.000134400036,False,,2.5814,75.0,-30.0,2002/01/00
2,0,9.000134400036,False,,2.5814,75.0,-20.0,2002/01/00
2,0,9.000134400036,False,,2.5814,75.0,-10.0,2002/01/00
2,0,9.000134400036,False,,2.5814,75.0,0.0,2002/01/00
2,0,9.000134400036,False,,2.5814,75.0,10.0,2002/01/00
2,0,9.000134400036,False,,2.5814,75.0,20.0,2002/01/00
2,0,9.000134400036,False,,2.5814,75.0,30.0,2002/01/00
2,0,9.000134400036,False,,2.5814,75.0,40.0,2002/01/00
2,0,9.000134400036,False,,2.5814,75.0,50.0,2002/01/00
2,0,9.000134400036,False,,2.5814,75.0,60.0,2002/01/00
2,0,9.000134400036,False,,2.5814,75.0,70.0,2002/01/00
2,0,9.000134400036,False,,2.5814,75.0,80.0,2002/01/00
2,0,9.000134400036,False,,2.5814,75.0,90.0,2002/01/00
2,0,9.000134400036,False,,2.5814,75.0,100.0,2002/01/00
2,0,9.000134400036,False,,2.5814,75.0,110.0,2002/01/00
2,0,9.000134400036,False,,2.5814,75.0,120.0,2002/01/00
2,0,9.000134400036,False,,2.5814,75.0,130.0,2002/01/00
2,0,9.000134400036,False,,2.5814,75.0,140.0,2002/01/00
2,0,9.000134400036,False,,2.5814,75.0,150.0,2002/01/00
2,0,9.000134400036,False,,2.5814,75.0,160.0,2002/01/00
2,0,9.000134400036,False,,2.5814,75.0,170.0,2002/01/00
2,0,9.000134400036,False,,2.5814,80.0,-179.99999,2002/01/00
2,0,9.000134400036,False,,2.5814,80.0,-170.0,2002/01/00
2,0,9.000134400036,False,,2.5814,80.0,-160.0,2002/01/00
2,0,9.000134400036,False,,2.5814,80.0,-150.0,2002/01/00
2,0,9.000134400036,False,,2.5814,80.0,-140.0,2002/01/00
2,0,9.000134400036,False,,2.5814,80.0,-130.0,2002/01/00
2,0,9.000134400036,False,,2.5814,80.0,-120.0,2002/01/00
2,0,9.000134400036,False,,2.5814,80.0,-110.0,2002/01/00
2,0,9.000134400036,False,,2.5814,80.0,-100.0,2002/01/00
2,0,9.000134400036,False,,2.5814,80.0,-90.0,2002/01/00
2,0,9.000134400036,False,,2.5814,80.0,-80.0,2002/01/00
2,0,9.000134400036,False,,2.5814,80.0,-70.0,2002/01/00
2,0,9.000134400036,False,,2.5814,80.0,-60.0,2002/01/00
2,0,9.000134400036,False,,2.5814,80.0,-50.0,2002/01/00
2,0,9.000134400036,False,,2.5814,80.0,-40.0,2002/01/00
2,0,9.000134400036,False,,2.5814,80.0,-30.0,2002/01/00
2,0,9.000134400036,False,,2.5814,80.0,-20.0,2002/01/00
2,0,9.000134400036,False,,2.5814,80.0,-10.0,2002/01/00
2,0,9.000134400036,False,,2.5814,80.0,0.0,2002/01/00
2,0,9.000134400036,False,,2.5814,80.0,10.0,2002/01/00
2,0,9.000134400036,False,,2.5814,80.0,20.0,2002/01/00
2,0,9.000134400036,False,,2.5814,80.0,30.0,2002/01/00
2,0,9.000134400036,False,,2.5814,80.0,40.0,2002/01/00
2,0,9.000134400036,False,,2.5814,80.0,50.0,2002/01/00
2,0,9.000134400036,False,,2.5814,80.0,60.0,2002/01/00
2,0,9.000134400036,False,,2.5814,80.0,70.0,2002/01/00
2,0,9.000134400036,False,,2.5814,80.0,80.0,2002/01/00
2,0,9.000134400036,False,,2.5814,80.0,90.0,2002/01/00
2,0,9.000134400036,False,,2.5814,80.0,100.0,2002/01/00
2,0,9.000134400036,False,,2.5814,80.0,110.0,2002/01/00
2,0,9.000134400036,False,,2.5814,80.0,120.0,2002/01/00
2,0,9.000134400036,False,,2.5814,80.0,130.0,2002/01/00
2,0,9.000134400036,False,,2.5814,80.0,140.0,2002/01/00
2,0,9.000134400036,False,,2.5814,80.0,150.0,2002/01/00
2,0,9.000134400036,False,,2.5814,80.0,160.0,2002/01/00
2,0,9.000134400036,False,,2.5814,80.0,170.0,2002/01/00
